Разработчик,Количество игр,Средняя цена,Средние владельцы,Средний CCU,Суммарный доход (оценка),Средний метаскор
1047 Games,1,,10000.0,0.0,0.0,
"18cmSam, BananaKing",1,,10000.0,0.0,0.0,
"2GT, Dexter.CO",1,49.0,10000.0,0.0,490000.0,
30.06 Studios Ltd,1,129.0,350000.0,0.0,45150000.0,
3000AD,1,,10000.0,0.0,0.0,
4Happy Studio,1,,10000.0,1.0,0.0,
52.6 Productions,1,133.0,10000.0,0.0,1330000.0,
7 Soft Pillows,1,99.0,10000.0,0.0,990000.0,
A & D Cooperation,1,,10000.0,0.0,0.0,
A To Play Ltd,1,125.0,35000.0,0.0,4375000.0,
AMAX Interactive,1,,10000.0,0.0,0.0,
AMPLITUDE Studios,1,,10000.0,0.0,0.0,
ARTIFACTS,1,249.0,10000.0,0.0,2490000.0,
AUSTIN JAMES,1,,10000.0,0.0,0.0,
AXR-STUDIOS,2,42.0,10000.0,0.0,420000.0,
Aaron Arcand,1,169.0,10000.0,0.0,1690000.0,
Abn Studio Inc.,1,,35000.0,0.0,0.0,
Acheron-Soft,1,360.0,10000.0,0.0,3600000.0,
Actoz Soft,1,,10000.0,0.0,0.0,
African boy Keita studio,1,,10000.0,0.0,0.0,
Agegame,1,,10000.0,0.0,0.0,
Airem,1,,10000.0,0.0,0.0,
Akabaka,1,,10000.0,0.0,0.0,
Alabeo,1,419.0,10000.0,0.0,4190000.0,
Alex Game Dev.,1,,10000.0,0.0,0.0,
Alex Hanson-White,1,,10000.0,0.0,0.0,
Altfuture,1,465.0,10000.0,0.0,4650000.0,
"Amaranth Games, LLC",1,200.0,10000.0,0.0,2000000.0,
Anawiki Games,1,249.0,10000.0,0.0,2490000.0,
"Anchora Games, Dream Harvesters",1,,35000.0,2.0,0.0,
Andre Monteiro,1,210.0,150000.0,1.0,31500000.0,
Andreas Britten,1,,10000.0,0.0,0.0,
Andreev Worlds,1,42.0,10000.0,0.0,420000.0,
Angry Demon Studio,1,175.0,10000.0,0.0,1750000.0,
"Another Slime Studio, Ptits Potes N'Co",1,,150000.0,0.0,0.0,
Antti Mannisto,1,,10000.0,0.0,0.0,
Appetite,2,700.0,10000.0,0.0,14000000.0,
Appocalypse Games,1,,10000.0,0.0,0.0,
AquaHeaven Studios,1,,35000.0,0.0,0.0,
Architect Studios,1,259.0,10000.0,0.0,2590000.0,
Arenokubis Games,1,,10000.0,0.0,0.0,
Artur Smiarowski,1,,35000.0,0.0,0.0,
"Asobimo, Inc.",1,,10000.0,0.0,0.0,
"Atomic Wolf, Pixel Crow Games",1,,10000.0,1.0,0.0,
Avalanche,1,,10000.0,0.0,0.0,
AzozDev,1,259.0,10000.0,0.0,2590000.0,
BABYCOCO,1,,10000.0,0.0,0.0,
BANDAI NAMCO Studios Inc.,1,399.0,10000.0,0.0,3990000.0,
"BANDAI NAMCO Studios, Dimps Corporation",1,129.0,10000.0,0.0,1290000.0,
"Backwoods Entertainment, Application Systems Heidelberg",1,125.0,10000.0,0.0,1250000.0,
Baiyun Game Studio,1,,10000.0,0.0,0.0,
Balti Calarasi,1,84.0,10000.0,0.0,840000.0,
Baltic Dragon,1,900.0,10000.0,0.0,9000000.0,
Bauschan Gamez,1,269.0,35000.0,0.0,9415000.0,
Beat Games,3,82.0,10000.0,0.0,2460000.0,
"Beijing Xinrun Technology Co.,Ltd",1,249.0,10000.0,0.0,2490000.0,
Belleal Games,1,,10000.0,0.0,0.0,
Berserk Games,1,129.0,10000.0,0.0,1290000.0,
Bethesda Game Studios,2,,10000.0,0.0,0.0,
Big Loop Studios,1,200.0,10000.0,2.0,2000000.0,
"Big Sandwich Games, Stratecade LLC",1,165.0,350000.0,3.0,57750000.0,
Bigboot Studios,1,322.0,10000.0,1.0,3220000.0,
Binary Lunar,1,133.0,10000.0,0.0,1330000.0,
BinaryDream,1,,10000.0,0.0,0.0,
Birchfruit,1,200.0,10000.0,1.0,2000000.0,
Biscuit Play,1,21.0,10000.0,0.0,210000.0,
Bitca,1,,10000.0,0.0,0.0,
Black Forest Games,1,,10000.0,0.0,0.0,
Blank Dream Studios,1,195.0,35000.0,0.0,6825000.0,
Blender Games,3,82.0,26666.666666666668,0.0,2870000.0,
Blue Manchu,1,133.0,10000.0,0.0,1330000.0,
BlueEagle Productions,1,,35000.0,2.0,0.0,
BlusterD,1,,10000.0,0.0,0.0,
Bob Hood,1,,10000.0,0.0,0.0,
Bomb Shelter Games,1,,75000.0,0.0,0.0,
Boogygames Studios,8,70.57142857142857,13125.0,0.0,6990000.0,
Boomzap Entertainment,1,,10000.0,0.0,0.0,
"Boring People, LLC",1,,10000.0,0.0,0.0,
Bossa Studios,1,,150000.0,6.0,0.0,
Bossman Games,1,,10000.0,0.0,0.0,
Brad Smith,1,,10000.0,0.0,0.0,
BrashMonkey,1,,10000.0,0.0,0.0,
Bunlysh Studios,1,,10000.0,0.0,0.0,
Byking Inc.,1,,10000.0,0.0,0.0,
"Byzantine Games, The Lordz Games Studio",1,,10000.0,0.0,0.0,
"CAPCOM Co., Ltd.",6,,10000.0,0.0,0.0,
CCP,1,20400.0,10000.0,0.0,204000000.0,
CHAKRA 3D,1,309.0,10000.0,0.0,3090000.0,
"CITY CONNECTION, KADOKAWA CORPORATION",1,385.0,10000.0,0.0,3850000.0,
"COLOPL, Inc.",1,,10000.0,0.0,0.0,
CYZR,1,82.0,10000.0,0.0,820000.0,
Caged Element Inc.,1,,10000.0,0.0,0.0,
Caipirinha Games GmbH,1,125.0,10000.0,0.0,1250000.0,
"Caipirinha Games, DevQ1",1,129.0,10000.0,0.0,1290000.0,
Cakewalk,1,,35000.0,0.0,0.0,
Calthies,1,,35000.0,0.0,0.0,
Caos Creations,1,,35000.0,2.0,0.0,
Carlo D'Apostoli Projects,1,,10000.0,0.0,0.0,
Catpix Studios,1,,10000.0,0.0,0.0,
Catstudio,1,,10000.0,1.0,0.0,
Caz Game Design,1,,10000.0,0.0,0.0,
Celeritas Games,1,320.0,10000.0,0.0,3200000.0,
Ceruk,1,,10000.0,0.0,0.0,
Chad R. Banks,1,,35000.0,0.0,0.0,
Chaosmonger Studio,1,61.0,10000.0,0.0,610000.0,
Cherry Bloom,1,259.0,10000.0,0.0,2590000.0,
ChillyRoom,1,139.0,10000.0,0.0,1390000.0,
Choice of Games,1,,10000.0,0.0,0.0,
Chongming Studio,1,,10000.0,0.0,0.0,
"Chosuido, 超水道",1,245.0,10000.0,0.0,2450000.0,
Chris Folea,1,,10000.0,1.0,0.0,
Christoph Jakob (Disomikron),1,,10000.0,0.0,0.0,
Christopher Cinq-Mars Jarvis,1,,10000.0,0.0,0.0,
Christopher Yabsley,1,200.0,10000.0,0.0,2000000.0,
Cleardot Games,1,,10000.0,0.0,0.0,
Clever Plays,1,,10000.0,0.0,0.0,
Cloak and Dagger Games,1,,10000.0,0.0,0.0,
Code Society,1,,10000.0,0.0,0.0,
Codename Entertainment Inc.,2,,10000.0,0.0,0.0,
Cold Iron Studios,1,159.0,10000.0,0.0,1590000.0,
Complex Plane,1,,10000.0,0.0,0.0,
Compulsion Games,1,,10000.0,0.0,0.0,
Con Artist Games,1,,350000.0,0.0,0.0,
Coreloop,1,,10000.0,0.0,0.0,
Corrosive Studios LLC,1,,10000.0,0.0,0.0,
Cory Green,1,259.0,10000.0,0.0,2590000.0,
Cotton Game,1,,10000.0,0.0,0.0,
Covid Cowboys,1,,10000.0,0.0,0.0,
Cowleyfornia Studios,1,133.0,10000.0,0.0,1330000.0,
Crawly Games,1,,10000.0,0.0,0.0,
CrazySky3D,1,385.0,10000.0,0.0,3850000.0,
Crew Lab,1,42.0,10000.0,0.0,420000.0,
Criterion Games,1,,10000.0,0.0,0.0,
Critical Charm,1,259.0,10000.0,0.0,2590000.0,
Crying Cat Games,1,,10000.0,0.0,0.0,
Crystal Bat Studio,1,,10000.0,0.0,0.0,
Cute Hannah's Games,1,82.0,10000.0,0.0,820000.0,
D&D Dream,1,385.0,10000.0,0.0,3850000.0,
D-Ark Studio,1,299.0,35000.0,3.0,10465000.0,
D4 Laboratory,1,133.0,10000.0,0.0,1330000.0,
D47 Games,1,82.0,10000.0,0.0,820000.0,
DYSTANT Games,1,259.0,10000.0,0.0,2590000.0,
"Daniel Ritchie - Squirreldome.com, Philip Staiger - TheBest3D.com",1,200.0,10000.0,0.0,2000000.0,
"Darkworks, Spiral House",1,169.0,35000.0,1.0,5915000.0,66.0
David Mulder,1,42.0,10000.0,0.0,420000.0,
Davoo Software,1,,10000.0,0.0,0.0,
Dawnblaze Entertainment,1,30.0,35000.0,0.0,1050000.0,
Daybreak Game Company,2,,10000.0,0.0,0.0,
Decoder,1,129.0,10000.0,0.0,1290000.0,
Dennis M. Heine,1,,10000.0,0.0,0.0,
"Denny Truong, Andy Schneider",1,82.0,10000.0,0.0,820000.0,
"Devoured Studios, Ska Studios",1,,75000.0,12.0,0.0,
Dez,1,195.0,75000.0,0.0,14625000.0,
Dieselmine,1,415.0,10000.0,5.0,4150000.0,
DigiFX Interactive,1,,150000.0,1.0,0.0,
DigiPen Europe-Bilbao,1,,35000.0,0.0,0.0,
Digital Monster Collective,1,,35000.0,0.0,0.0,
Digital Tours Interactive,1,42.0,10000.0,0.0,420000.0,
Divine Light Games,1,82.0,10000.0,0.0,820000.0,
Doctor Shinobi,1,590.0,10000.0,0.0,5900000.0,
"Dolphin Horizon Games, Inc.",1,,10000.0,0.0,0.0,
"Dominik Kerschbaumer, Victoria Werner, Jonas Walz, Lukas Berger, Matthäus Luef, Lisa Schertler, Astrid Schwarz, Aliya Abdullayeva, Sophie Hennerbichler",1,,10000.0,0.0,0.0,
"Dominik Konečný, Jan Tomáš",1,133.0,10000.0,0.0,1330000.0,
Doombrowski,1,,10000.0,0.0,0.0,
Dovetail Games,2,199.0,10000.0,0.0,1990000.0,
Drakkar Game Studio,1,,10000.0,0.0,0.0,
Draumara,1,,10000.0,0.0,0.0,
"Dreadlocks Mobile, Silicon Jelly",1,,10000.0,4.0,0.0,
Dreaming Door Studios,1,,10000.0,1.0,0.0,
DriftyGames,1,125.0,10000.0,0.0,1250000.0,
E-Crew,1,,10000.0,0.0,0.0,
E-FunSoft  Games,1,320.0,35000.0,0.0,11200000.0,
EGC Games,2,82.0,10000.0,0.0,820000.0,
EYEFRONT,1,99.0,10000.0,0.0,990000.0,
Earlgrey,1,139.0,10000.0,0.0,1390000.0,
Easy game,1,,75000.0,0.0,0.0,
EasyWays Team,1,59.0,10000.0,0.0,590000.0,
Edelweiss,1,189.0,150000.0,0.0,28350000.0,
Edge of Reality,1,,7500000.0,1.0,0.0,72.0
Eggcorn Games,1,,10000.0,0.0,0.0,
Eldin Turulja,1,,150000.0,45.0,0.0,
EleFun Games,1,710.0,10000.0,0.0,7100000.0,
Element Studio,1,199.0,75000.0,2.0,14925000.0,
Elephant Games,1,710.0,10000.0,1.0,7100000.0,
Elraim Studio,1,280.0,10000.0,0.0,2800000.0,
Emperium Team,1,30.0,75000.0,0.0,2250000.0,
Endless Entertainment,1,289.0,10000.0,0.0,2890000.0,
Enigmatic Network,1,600.0,10000.0,0.0,6000000.0,
Enoops,1,30.0,10000.0,0.0,300000.0,
Epic Llama Games,1,29.0,10000.0,0.0,290000.0,
Epic Tech Labs LLC,1,,10000.0,0.0,0.0,
Eso,1,680.0,10000.0,0.0,6800000.0,
Ethan Goodchild,1,82.0,10000.0,0.0,820000.0,
Eugen Systems,2,,10000.0,0.0,0.0,
Exe Create Inc.,1,449.0,10000.0,0.0,4490000.0,
FEED,1,359.0,35000.0,0.0,12565000.0,
FFool Studio,1,,10000.0,1.0,0.0,
FIVE-BN GAMES,1,,350000.0,42.0,0.0,
FURYU Corporation,1,30.0,10000.0,0.0,300000.0,
Fasaria World,1,,10000.0,0.0,0.0,
Filmanchor LLC,1,,10000.0,0.0,0.0,
FireRing Studio,1,82.0,10000.0,0.0,820000.0,
Firebelley,1,82.0,10000.0,0.0,820000.0,
First Games Interactive,1,,35000.0,0.0,0.0,
Fishing Planet LLC,2,,10000.0,0.0,0.0,
Flashback Games,2,547.5,10000.0,0.0,10950000.0,
"Flashback Games, The Lordz Games Studio",1,1100.0,10000.0,0.0,11000000.0,
Flix Interactive,1,,10000.0,0.0,0.0,
Forever Entertainment S. A.,1,,75000.0,2.0,0.0,
"Forward Development, Ltd.",1,,10000.0,0.0,0.0,
Freejam,1,,10000.0,0.0,0.0,
"Frontier Developments, Aspyr (Mac)",1,,10000.0,0.0,0.0,
Frontwing,1,,10000.0,0.0,0.0,
Frostknight Games,1,61.0,10000.0,0.0,610000.0,
FunDream Games,1,,10000.0,0.0,0.0,
FurGoldGames,1,133.0,10000.0,0.0,1330000.0,
FutureCake,1,,10000.0,0.0,0.0,
Futuremark,1,,10000.0,0.0,0.0,
Futuristic,1,,10000.0,0.0,0.0,
GAME Games,1,,10000.0,0.0,0.0,
GGaming,1,42.0,10000.0,0.0,420000.0,
GJ Arts,1,42.0,10000.0,0.0,420000.0,
GLStudios,1,42.0,10000.0,0.0,420000.0,
GTGD,1,240.0,10000.0,0.0,2400000.0,
GameLab UngAalborg,1,,10000.0,0.0,0.0,
Gamecraft Studios,1,,35000.0,54.0,0.0,
Gamepainters,1,,10000.0,0.0,0.0,
Games For Pleasure,1,,10000.0,0.0,0.0,
Games Operators,1,,10000.0,0.0,0.0,
Garage51,1,449.0,10000.0,1.0,4490000.0,
Garibaldi Games,1,61.0,10000.0,0.0,610000.0,
Gazillion Entertainment,1,,10000.0,0.0,0.0,
Gearbox Software,2,,755000.0,17.5,0.0,
"Gearbox Software, Aspyr (Mac), Aspyr (Linux)",1,,10000.0,0.0,0.0,
Geeky Mouse,1,,10000.0,1.0,0.0,
GeexGames,1,82.0,35000.0,0.0,2870000.0,
Gemini Stars Games,1,21.0,10000.0,0.0,210000.0,
"GentleDriver, Puzzle L Porject",1,42.0,10000.0,0.0,420000.0,
"Gerard Milmore, Andrew Jong, Sean Chiem",1,133.0,10000.0,0.0,1330000.0,
Ghost Story Games,1,,10000.0,0.0,0.0,
Giant Games,1,82.0,10000.0,0.0,820000.0,
Go Ace It,1,,10000.0,0.0,0.0,
Godbey Games,1,,10000.0,0.0,0.0,
GoldenGod Games,1,,10000.0,2.0,0.0,
Goo,1,165.0,10000.0,0.0,1650000.0,
"Gotcha Gotcha Games, KADOKAWA",1,,10000.0,0.0,0.0,
Grab Games,1,,35000.0,0.0,0.0,
Grandma Studios,1,,10000.0,0.0,0.0,
"Grapple Bug Games, Inc.",1,,10000.0,0.0,0.0,
Green-eyed Taxi,1,42.0,10000.0,0.0,420000.0,
HA Studio Ltd.,1,,10000.0,0.0,0.0,
HAYATOSKIE,1,,10000.0,0.0,0.0,
Haemimont Games,1,,10000.0,0.0,0.0,
"Hagane, Lord Erin",1,,35000.0,0.0,0.0,
Hairy Heart Games,1,320.0,10000.0,0.0,3200000.0,
Hako Games,1,133.0,10000.0,0.0,1330000.0,
Hala Mohammed,1,165.0,35000.0,0.0,5775000.0,
Halycon Media,1,550.0,10000.0,0.0,5500000.0,
"Hassey Enterprises, Inc.",1,,10000.0,0.0,0.0,
Headbang Club,1,,10000.0,1.0,0.0,73.0
Heartomics,1,,10000.0,0.0,0.0,
Hidden Achievement LLC,1,,10000.0,0.0,0.0,
High Iron Simulations,1,,10000.0,0.0,0.0,
"Hologryph, Eerie Guest Studios",1,,1500000.0,91.0,0.0,
Honestly Games,1,,10000.0,2.0,0.0,
Honey Studio,1,259.0,10000.0,0.0,2590000.0,
Horny69Team,1,52.0,10000.0,0.0,520000.0,
Hosted Games,2,222.5,10000.0,2.0,4450000.0,
Hub Culture Ltd,1,,10000.0,0.0,0.0,
Hyperion Studio LLC,1,,10000.0,1.0,0.0,
Hypnotic Ants,1,,10000.0,1.0,0.0,
"IDEA FACTORY, COMPILE HEART",1,82.0,10000.0,0.0,820000.0,
"INTI CREATES CO., LTD.",1,,10000.0,0.0,0.0,
IO Interactive A/S,1,,10000.0,0.0,0.0,
IR Studio,2,42.0,10000.0,0.0,840000.0,
IS-TL,1,205.0,10000.0,0.0,2050000.0,
ISVR,1,,10000.0,0.0,0.0,
"Idea Factory, Compile Heart, Sting",2,671.0,80000.0,9.0,195420000.0,
ImageCode,1,385.0,10000.0,0.0,3850000.0,
Improbable Worlds Limited,1,,10000.0,1202.0,0.0,
Indomitus Games,1,320.0,75000.0,0.0,24000000.0,
"Infinitive Game Studios, LLC",1,,10000.0,0.0,0.0,
"Infinity Ward, Raven Software, Beenox, Treyarch, High Moon Studios, Sledgehammer Games, Activision Shanghai, Demonware, Toys for Bob",1,,10000.0,0.0,0.0,
Inmatrix LTD,1,133.0,10000.0,0.0,1330000.0,
Interactive Stone,1,,10000.0,0.0,0.0,
Iron Boar Labs Ltd.,1,284.0,10000.0,1.0,2840000.0,
Ironward,1,,3500000.0,5.0,0.0,
It's happening,1,,10000.0,0.0,0.0,
Italian Games Factory,1,,10000.0,0.0,0.0,
J.M.L. Riem,1,82.0,10000.0,0.0,820000.0,
J.S.Void,1,,35000.0,0.0,0.0,
JY Games,1,165.0,10000.0,0.0,1650000.0,
Jaisa Studio,1,,10000.0,0.0,0.0,
Jaming Soo,1,259.0,10000.0,0.0,2590000.0,
Jan Kovačík,1,,10000.0,0.0,0.0,
JanduSoft,1,129.0,10000.0,0.0,1290000.0,
Janika Suhonen,1,,10000.0,0.0,0.0,
"Janus VR, Inc.",1,,35000.0,0.0,0.0,
JeliLiam,1,,10000.0,1.0,0.0,
Jesse Sakari Hyttinen,1,,10000.0,0.0,0.0,
Joel Carter,1,,10000.0,0.0,0.0,
Joel Steudler,1,710.0,10000.0,0.0,7100000.0,
Joey Drew Studios Inc.,1,,10000.0,0.0,0.0,
Jonas Kastner,1,,10000.0,0.0,0.0,
"Jordan Pefianco, Filip Budd",1,,35000.0,0.0,0.0,
Jordan Rott,1,42.0,10000.0,0.0,420000.0,
Joshua Chenault,1,133.0,10000.0,0.0,1330000.0,
"Juggler Games, Nakayama Games",1,,10000.0,0.0,0.0,
Jules-Makes-Games,1,,10000.0,0.0,0.0,
Julian Henley,1,,10000.0,0.0,0.0,
KABloom Interactive,1,,75000.0,4.0,0.0,
KIMIDORI SOFT,1,125.0,10000.0,6.0,1250000.0,
KIXEYE,1,,10000.0,0.0,0.0,
"KOEI TECMO GAMES CO., LTD.",7,,10000.0,0.7142857142857143,0.0,
KOG,1,,10000.0,0.0,0.0,
KTX Software,1,82.0,10000.0,0.0,820000.0,
Kabi Jedhagen,1,,35000.0,0.0,0.0,
Kali Studio,1,125.0,10000.0,0.0,1250000.0,
Kazakov Oleg,1,125.0,75000.0,0.0,9375000.0,
Kdanss,1,710.0,10000.0,0.0,7100000.0,
Ki3 Games,1,,10000.0,0.0,0.0,
Killer Bees Games,1,,10000.0,0.0,0.0,
King Key Games,1,200.0,10000.0,0.0,2000000.0,
Kirisame Jump,1,289.0,10000.0,0.0,2890000.0,
Kobal Andrii,1,,10000.0,0.0,0.0,
Konstructors,1,,10000.0,0.0,0.0,
Kotoshiro,1,289.0,10000.0,0.0,2890000.0,
Kozegu Games,1,,10000.0,0.0,0.0,
Krasnoshekova Mariya,1,61.0,35000.0,0.0,2135000.0,
Kristyna Chytilova,1,,10000.0,0.0,0.0,
Krzysztof Konopka,1,,10000.0,0.0,0.0,
Kwing works,1,133.0,10000.0,0.0,1330000.0,
L.YC,1,,10000.0,0.0,0.0,
LK Avalon,1,490.0,10000.0,0.0,4900000.0,
LTZinc,1,42.0,10000.0,0.0,420000.0,
LU QI,1,99.0,10000.0,0.0,990000.0,
Lamplight Studios,1,129.0,10000.0,0.0,1290000.0,
Laplacian,1,259.0,10000.0,0.0,2590000.0,
Larkon Studio,1,385.0,35000.0,0.0,13475000.0,
LarsMidnatt,1,385.0,10000.0,0.0,3850000.0,
Laugical Games,1,,10000.0,0.0,0.0,
Leeside Games,1,,10000.0,0.0,0.0,
LesLove.Club,1,,10000.0,0.0,0.0,
Level 99 Games,1,133.0,10000.0,0.0,1330000.0,
Li Yin,1,125.0,10000.0,0.0,1250000.0,
Liar-soft,1,,10000.0,2.0,0.0,
Light Road Games,1,385.0,10000.0,1.0,3850000.0,
Lightspyre Tales,1,,10000.0,0.0,0.0,
Lil Hentai Games,1,125.0,10000.0,0.0,1250000.0,
Lingon Studios,1,385.0,75000.0,76.0,28875000.0,
LionArc,1,550.0,10000.0,0.0,5500000.0,
Lizard Games Studio,1,,10000.0,108.0,0.0,
Llama Software,1,29.0,10000.0,0.0,290000.0,
Longbow Games,1,,10000.0,0.0,0.0,
Loresoft,1,,10000.0,1.0,0.0,
Lot10Games,1,42.0,10000.0,0.0,420000.0,
Love-Joint,1,550.0,10000.0,94.0,5500000.0,
LucasArts,1,,75000.0,3.0,0.0,
"Ludosity, Remar Games",1,,10000.0,0.0,0.0,
LusionSoft,1,249.0,10000.0,0.0,2490000.0,
MAGIX Software GmbH,1,,10000.0,1.0,0.0,
MIDNIGHT WORKS Societatea cu Răspundere Limitată,1,,10000.0,0.0,0.0,
Machine Sharks,1,,10000.0,0.0,0.0,
Mad Games,1,,10000.0,0.0,0.0,
Mahjong Dimensions 3D,1,42.0,10000.0,0.0,420000.0,
Malzbie Games,2,,10000.0,0.0,0.0,
"Manuel Schmuki, starlit studio",1,125.0,10000.0,0.0,1250000.0,
Marmalade Game Studio Ltd,1,620.0,350000.0,62.0,217000000.0,
Marshall Games,1,42.0,10000.0,0.0,420000.0,
Marvelous Inc.,2,1030.0,10000.0,2.0,20600000.0,
Matan Cohen,1,,10000.0,0.0,0.0,
"Matchup-Gamedesign, Tobias Gaertner",1,,10000.0,0.0,0.0,
Matt McCorkle,1,,10000.0,0.0,0.0,
"Matt McGreevy, Charlie Martini",1,,10000.0,0.0,0.0,
Maverick Game Studio,1,79.0,75000.0,0.0,5925000.0,
Maxis,1,,10000.0,0.0,0.0,
Mediator Software,1,,10000.0,0.0,0.0,
Megame LLC,1,,75000.0,6.0,0.0,
Meteorbyte Studios,1,349.0,35000.0,0.0,12215000.0,
Mi-Clos Studio,1,149.0,10000.0,0.0,1490000.0,
"Mi-Clos Studio, Goblinz Studio, FibreTigre",1,,10000.0,0.0,0.0,
"Micah Brown, Benjamin Brown",1,,10000.0,0.0,0.0,
Middle Edge Software,1,165.0,10000.0,0.0,1650000.0,
Midjiwan AB,1,125.0,10000.0,0.0,1250000.0,
Miga,1,,10000.0,0.0,0.0,
Might and Delight,1,,350000.0,0.0,0.0,
Mighty Eyes,1,,75000.0,1.0,0.0,
Mikael Kinnander,1,,10000.0,0.0,0.0,
Mikhail Melnikov,1,,35000.0,0.0,0.0,
Milestone S.r.l.,3,,10000.0,0.0,0.0,
Milkfactory,1,,10000.0,0.0,0.0,
Mimimi Games,1,,10000.0,5.0,0.0,85.0
Minds Eye Productions,1,133.0,75000.0,0.0,9975000.0,
Miss Xero,1,,10000.0,0.0,0.0,
Modern Alchemy,1,,10000.0,0.0,0.0,
Modus Interactive,1,82.0,10000.0,0.0,820000.0,
MoeNovel,1,57.0,35000.0,0.0,1995000.0,
Monavista dev,1,82.0,10000.0,0.0,820000.0,
Monster Couch,1,,10000.0,0.0,0.0,
Moon Moose,1,,10000.0,0.0,0.0,
Moregames,1,,10000.0,0.0,0.0,
MorpheusZ,1,,10000.0,0.0,0.0,
Most Dangerous Games,1,,10000.0,0.0,0.0,
Movavi,1,,10000.0,0.0,0.0,
"Murray Atkinson, VGM Library",1,385.0,10000.0,0.0,3850000.0,
N3V Games,2,895.0,10000.0,0.0,17900000.0,
NUMBER7,1,,10000.0,0.0,0.0,
Nami Tentou,1,,10000.0,0.0,0.0,
Natako Studio,1,,10000.0,0.0,0.0,
"National Film Board of Canada, Casa Rara",1,,10000.0,0.0,0.0,
Nebelsoft,1,,10000.0,0.0,0.0,
NerdyBird Studios,1,,10000.0,0.0,0.0,
Never Dream,1,82.0,10000.0,0.0,820000.0,
Nevsram,1,61.0,10000.0,0.0,610000.0,
"New Games Waves, Softwaves",1,82.0,10000.0,0.0,820000.0,
Ni Hao,1,200.0,10000.0,0.0,2000000.0,
Nick Marinello,1,,10000.0,0.0,0.0,
Nifty Visuals,1,154.0,10000.0,0.0,1540000.0,
Night Animals,1,21.0,750000.0,1.0,15750000.0,
Nightbinder,1,23.0,75000.0,0.0,1725000.0,
Nihon Falcom,2,359.0,10000.0,0.0,3590000.0,
"Nikita ""Ghost_RUS""",1,42.0,10000.0,0.0,420000.0,
No Bull Intentions,1,,10000.0,1.0,0.0,
Noble Master LLC,1,,350000.0,5.0,0.0,
Noobz from Poland,1,,10000.0,0.0,0.0,
Nor,1,,10000.0,0.0,0.0,
Nord GS,1,,10000.0,0.0,0.0,
Novalink,1,,10000.0,0.0,0.0,
"Novax Games, Eastasiasoft Limited",1,,10000.0,0.0,0.0,
Nowhere Studios,1,,10000.0,0.0,0.0,
Nuked Cockroach,1,,10000.0,0.0,0.0,
"Nuno ""Omega Leo"" Diogo",1,,10000.0,0.0,0.0,
Nyanco Channel,2,82.0,10000.0,0.0,1640000.0,
O.T.K Games,1,82.0,10000.0,0.0,820000.0,
Ocean Software,1,,10000.0,0.0,0.0,
Ojas VR Studios,1,,10000.0,0.0,0.0,
Old Eagle,1,102.0,10000.0,0.0,1020000.0,
Oldmoustache Gameworks,1,,35000.0,1.0,0.0,52.0
Oleg Sereda,1,82.0,10000.0,0.0,820000.0,
Oli Taylor,1,30.0,35000.0,0.0,1050000.0,
On The Level Studio Pty Ltd,1,,10000.0,0.0,0.0,
OnSkull Games,2,145.0,22500.0,0.0,7025000.0,
"One Day I Too Go Fly Inc, Distribber",1,,10000.0,0.0,0.0,
Oneironaut Academy LLC,1,,10000.0,0.0,0.0,
"Orebody Inc, John Vanderhoef",1,,10000.0,0.0,0.0,
OrgAction LLC,1,30.0,10000.0,0.0,300000.0,
Osmose Studio,1,61.0,10000.0,0.0,610000.0,
Otterside Games,1,,10000.0,1.0,0.0,
OutSource Studios,1,,10000.0,0.0,0.0,
Overflow,1,104.0,35000.0,7.0,3640000.0,
Overhead Games,1,,10000.0,0.0,0.0,
PJ Faynik,1,,10000.0,0.0,0.0,
POISON,1,710.0,10000.0,0.0,7100000.0,
PPIYO STUDIO,1,520.0,10000.0,1.0,5200000.0,
PRODUKTIVKELLER Studios UG,1,,10000.0,0.0,0.0,
Panic Art Studios Ltd,1,200.0,10000.0,0.0,2000000.0,
Paradox Tinto,1,309.0,10000.0,0.0,3090000.0,
Pathea Games,1,169.0,10000.0,0.0,1690000.0,
"PengJiLin, Unreal® Engine",1,,10000.0,0.0,0.0,
"Performance Pictures, Mad Anth'm Productions",1,,10000.0,0.0,0.0,
PerkMandelc,1,,10000.0,0.0,0.0,
Pernich Media,1,280.0,10000.0,0.0,2800000.0,
Peter Manfreda,1,259.0,10000.0,0.0,2590000.0,
Petr Šimůnek,1,,10000.0,0.0,0.0,
Phantom Games Studio,1,,10000.0,0.0,0.0,
PhantomSoft,1,,10000.0,0.0,0.0,
"Pharaoh Hound Games, Box Monkey Studios",1,,10000.0,0.0,0.0,
Pierre Feuille Studio,1,,10000.0,0.0,0.0,
Pin-Point,1,,10000.0,0.0,0.0,
Pink Label Games,1,41.0,10000.0,0.0,410000.0,
PinkChinChin,1,385.0,10000.0,0.0,3850000.0,
"Pirozhok Studio, Vitaliy Ruzankin",1,,10000.0,0.0,0.0,
Pixel Puzzles,2,89.5,10000.0,0.0,1790000.0,
Pixel Sprout Studios,1,140.0,10000.0,0.0,1400000.0,
Pixel Trapps,1,200.0,35000.0,0.0,7000000.0,
Placeholder Studios,1,,10000.0,0.0,0.0,
Planet Games,1,,10000.0,0.0,0.0,
Playtika Ltd.,1,,150000.0,20.0,0.0,
Poema Games,1,82.0,10000.0,0.0,820000.0,
"PopCap Games, Inc.",1,,10000.0,8.0,0.0,
PopTop,1,,350000.0,42.0,0.0,
Poppermost Productions,1,,10000.0,0.0,0.0,
Preapp Partners,1,435.0,10000.0,0.0,4350000.0,
Prime Bit Games SA,1,,10000.0,0.0,0.0,
Primula,1,385.0,10000.0,0.0,3850000.0,
Productions Pluie De Sang,1,,10000.0,0.0,0.0,
ProjectMoon,1,435.0,10000.0,0.0,4350000.0,
ProjectorGames,1,289.0,350000.0,19.0,101150000.0,
Propulsion Studios,1,42.0,10000.0,0.0,420000.0,
Przestraszeni,1,,10000.0,0.0,0.0,
Punky Unicorn,1,,10000.0,0.0,0.0,
Purple Tree S R L,1,30.0,10000.0,0.0,300000.0,
"Puuba, Christopher Hoag",1,,10000.0,0.0,0.0,
Quantic Dream,1,1499.0,1500000.0,210.0,2248500000.0,76.0
Quantum Phoenix Bucharest,1,189.0,75000.0,0.0,14175000.0,
Queenfish Games,1,,10000.0,0.0,0.0,
QuickSave,1,,10000.0,0.0,0.0,
Quiet River,1,82.0,350000.0,2.0,28700000.0,
R. Benny,1,,10000.0,0.0,0.0,
RC UNITECH,1,,10000.0,0.0,0.0,
"RED DUCK, INC.",1,,10000.0,0.0,0.0,
RLTY CHK,1,129.0,10000.0,0.0,1290000.0,
RPGScenery,1,82.0,10000.0,0.0,820000.0,
RPGuille,1,280.0,10000.0,0.0,2800000.0,
Rablo Games,2,360.0,22500.0,0.5,12600000.0,
Rafael Ben-Ari,1,,75000.0,1.0,0.0,
Rahul Martin,1,133.0,10000.0,0.0,1330000.0,
"Rainbow Studios, THQ Nordic",1,349.0,10000.0,0.0,3490000.0,
Random Layers,1,385.0,10000.0,0.0,3850000.0,
Rat King Entertainment,1,,10000.0,0.0,0.0,
Raw Orange Studios Limited,1,,10000.0,0.0,0.0,
Rebellion,1,,10000.0,0.0,0.0,
Redhead Game Society,1,125.0,10000.0,0.0,1250000.0,
Reforged Group,1,,10000.0,0.0,0.0,
Reframe Games,1,,10000.0,0.0,0.0,
Rejected Games,1,385.0,10000.0,0.0,3850000.0,
Rekim,1,,35000.0,4.0,0.0,
"Relic Entertainment, Feral Interactive (Mac), Feral Interactive (Linux)",2,404.0,180000.0,0.0,208340000.0,
Repair Garage Japan,1,82.0,10000.0,0.0,820000.0,
Resaca Games,1,,10000.0,0.0,0.0,
RevolutionGT,1,61.0,10000.0,0.0,610000.0,
RewindApp,1,,10000.0,0.0,0.0,
Richard Haraším,1,,10000.0,0.0,0.0,
"Rigg'd Games, Nami Tentou",1,,10000.0,0.0,0.0,
Rimys,1,710.0,10000.0,0.0,7100000.0,
Rinostar Games,1,,10000.0,0.0,0.0,
"Riverview Artificial Intelligence, LLC",1,1600.0,10000.0,0.0,16000000.0,
Rocket Tiger Studios,1,,10000.0,0.0,0.0,
Rockstar San Diego,1,,350000.0,3.0,0.0,81.0
Roencia,1,,10000.0,0.0,0.0,
"Roll7, CE-Asia, 505 Games",1,,350000.0,0.0,0.0,
Ronimo Games,2,,10000.0,0.0,0.0,
Rotateam,1,,75000.0,0.0,0.0,
Runewaker Entertainment,1,,10000.0,0.0,0.0,
Rusimitu,1,,10000.0,0.0,0.0,
Rusty Lake,1,240.0,1500000.0,51.0,360000000.0,
SCP: Escape Together development team,1,,350000.0,8.0,0.0,
SDG Games,1,,10000.0,0.0,0.0,
SEKTOR GAMES,1,,10000.0,0.0,0.0,
SMG Studio,1,240.0,10000.0,0.0,2400000.0,
SMT Ent.,1,,10000.0,0.0,0.0,
SOMATIC,1,,10000.0,0.0,0.0,
SP-time,1,,35000.0,1.0,0.0,
SPIDERWORKS,1,205.0,10000.0,0.0,2050000.0,
"Sahil R. Vala, Roshni R. Vala, Rohit R. Vala",1,,10000.0,0.0,0.0,
Salmi Games,1,,10000.0,0.0,0.0,
Samobee Games,1,,150000.0,1.0,0.0,
SandCastles Studio,1,,10000.0,0.0,0.0,
SandorHQ,1,,10000.0,0.0,0.0,
Santa Ragione,1,550.0,75000.0,2.0,41250000.0,73.0
"Sastrei Studios, LLC",1,320.0,10000.0,0.0,3200000.0,
Saturn VR,1,,10000.0,0.0,0.0,
Saucy Melon,1,,10000.0,0.0,0.0,
Savant,1,,10000.0,0.0,0.0,
"ScTiger, Delta",1,,10000.0,0.0,0.0,
Scott McClusky,1,200.0,35000.0,0.0,7000000.0,
Screaming Bee,1,61.0,10000.0,0.0,610000.0,
Scribe,1,,10000.0,0.0,0.0,
Scumhead,1,259.0,75000.0,0.0,19425000.0,
"Sebastian Grünwald, Weltenwandler Designagentur GmbH",1,710.0,10000.0,0.0,7100000.0,
Sergey Gavrilov (SG137),1,,10000.0,0.0,0.0,
Seven Sails Games,1,280.0,10000.0,0.0,2800000.0,
Shanghai SilverMoon Network Technology Co.Ltd,1,,10000.0,0.0,0.0,
SharkGame,1,,350000.0,8.0,0.0,
Shiba Neko,1,,10000.0,0.0,0.0,
Shiying Studio,1,,750000.0,40.0,0.0,
Shockk,1,,10000.0,0.0,0.0,
ShuiMUMU,1,,10000.0,0.0,0.0,
Silistre Game,1,,10000.0,0.0,0.0,
Silver Hawk,1,,10000.0,0.0,0.0,
Simon Says: Play!,1,,10000.0,1.0,0.0,
Single Step Games,1,,10000.0,0.0,0.0,
Sinister Systems,1,200.0,350000.0,39.0,70000000.0,
Skunkape Interactive,1,,10000.0,0.0,0.0,
Slay Buherman,1,50.0,10000.0,0.0,500000.0,
SlimeSmile,1,,10000.0,0.0,0.0,
Smiles,1,160.33,10000.0,0.0,1603300.0000000002,
"SmiteWorks USA, LLC",13,200.2,10000.0,0.0,10010000.0,
Soldak Entertainment,2,,22500.0,2.5,0.0,76.0
Solvendo Games,1,,10000.0,0.0,0.0,
Somer Games,1,550.0,10000.0,0.0,5500000.0,
"Sons Of Earth Games, Ariganu",1,,10000.0,0.0,0.0,
Soobmarinno Games,1,84.0,10000.0,0.0,840000.0,
Space Lizard Studio LTD,1,,10000.0,0.0,0.0,
Spacezero Interactive,1,240.0,10000.0,0.0,2400000.0,
Spectragate,1,,10000.0,1.0,0.0,
"Spectre Studios, Guerilla Films",1,,10000.0,0.0,0.0,
Spellnode Interactive,1,82.0,10000.0,0.0,820000.0,
Spin City,1,,10000.0,0.0,0.0,
Split Light Studio,1,102.0,75000.0,0.0,7650000.0,
Spongey Kitty,1,42.0,10000.0,0.0,420000.0,
Sports Interactive,2,,10000.0,0.0,0.0,
"Square Enix, Bullets",1,,35000.0,14.0,0.0,
"Square Enix, KOEI TECMO GAMES CO., LTD.",1,,10000.0,0.0,0.0,
Stake deep interactive,1,,10000.0,0.0,0.0,
Stanley Lam,1,42.0,10000.0,0.0,420000.0,
"Startale Games, Petersen Games",1,133.0,10000.0,0.0,1330000.0,
Steamberry Studio,1,710.0,10000.0,0.0,7100000.0,
Stegalosaurus Game Development,1,,10000.0,0.0,0.0,
Stephen Walton,1,,35000.0,0.0,0.0,
Striking Distance Studios,1,1100.0,10000.0,0.0,11000000.0,
Submersivo Game Studio,1,,150000.0,0.0,0.0,
Succubella Games,1,,10000.0,0.0,0.0,
Summerfall Studios,1,,10000.0,0.0,0.0,
Sunlight Games,1,,150000.0,0.0,0.0,
Sunny Syrup Studio,1,,10000.0,0.0,0.0,
Synthetic Domain,1,299.0,10000.0,0.0,2990000.0,
"T-Time Technology CO., LTD.",2,352.5,42500.0,6.0,27850000.0,
TAITO CORP.,2,61.0,10000.0,0.0,1220000.0,
TITANIUM ARMOR,1,82.0,10000.0,0.0,820000.0,
TM2050 dev,1,,10000.0,0.0,0.0,
Tactic Forge,1,125.0,10000.0,0.0,1250000.0,
TailsUp4Tyranno,1,259.0,10000.0,0.0,2590000.0,
Take Toad,1,,10000.0,0.0,0.0,
Tamerlan Satualdypov,1,21.0,10000.0,0.0,210000.0,
Tamsoft,3,219.66666666666666,123333.33333333333,1.0,181690000.0,
Tanks2.DE,1,,10000.0,0.0,0.0,
Tansion,1,82.0,10000.0,0.0,820000.0,
TapBlaze,1,240.0,10000.0,0.0,2400000.0,
Tate Multimedia,1,649.0,350000.0,1.0,227150000.0,58.0
Tauron Glyph,1,259.0,10000.0,0.0,2590000.0,
Team Crackin',1,,10000.0,0.0,0.0,
Team Irradiated,1,550.0,10000.0,0.0,5500000.0,
Team Machiavelli,1,82.0,10000.0,0.0,820000.0,
Team RUN,1,280.0,10000.0,0.0,2800000.0,
Techland,1,,10000.0,0.0,0.0,
TechnoBrain,1,,10000.0,0.0,0.0,
Tegridy Made Games,1,82.0,10000.0,0.0,820000.0,
Terry Brash,1,,10000.0,0.0,0.0,
The Bearded Ladies,1,409.0,150000.0,17.0,61350000.0,69.0
The Breakers Entertainment,1,,10000.0,0.0,0.0,
The Dust S.A.,1,2699.0,350000.0,0.0,944650000.0,
The Growing Stones,1,290.0,10000.0,3.0,2900000.0,
The Odd Gentlemen,1,,150000.0,0.0,0.0,
The Other Brick Studio,1,,10000.0,0.0,0.0,
The Revera Corporation,1,30.0,10000.0,0.0,300000.0,
The Shark Family,1,,10000.0,0.0,0.0,
Theory Games,1,,10000.0,0.0,0.0,
Thetis Games,2,,10000.0,0.0,0.0,
Thinkofname,1,259.0,10000.0,0.0,2590000.0,
TigerQiuQiu,12,31.0,10000.0,0.0,2480000.0,
Tilenauts,1,,10000.0,0.0,0.0,
Time Break Studios,1,,10000.0,0.0,0.0,
TinyFox Games,1,82.0,10000.0,0.0,820000.0,
Tisnart,1,385.0,35000.0,0.0,13475000.0,
Titan Deep Space Company,1,133.0,10000.0,0.0,1330000.0,
ToastieLabs,1,51.0,10000.0,0.0,510000.0,
Tomas Daugela,1,,10000.0,0.0,0.0,
Tomas Sala,1,,10000.0,0.0,0.0,
Tommy Galletta,1,,10000.0,0.0,0.0,
Tomoaki Sugeno,1,102.0,10000.0,0.0,1020000.0,
Treexy,1,,35000.0,6.0,0.0,
TriBit Studio,1,,10000.0,0.0,0.0,
Trigger the Monster,1,710.0,10000.0,0.0,7100000.0,
Trilix34,1,,10000.0,0.0,0.0,
Tristan Barona,1,259.0,10000.0,0.0,2590000.0,
Tyler Cline,1,,10000.0,0.0,0.0,
UNDER HILL,1,,10000.0,0.0,0.0,
UP DEVELOPMENT LTD.,1,460.0,10000.0,0.0,4600000.0,
USC Games,1,,75000.0,1.0,0.0,
Ubisoft,1,,1500000.0,388.0,0.0,
Ubisoft - San Francisco,14,,10000.0,0.0,0.0,
Ubisoft Montreal,1,,10000.0,0.0,0.0,86.0
Ubisoft Quebec,1,,10000.0,0.0,0.0,
Ughorse Studio,1,259.0,10000.0,0.0,2590000.0,
Uintani,1,,10000.0,0.0,0.0,
Umix Studios,1,385.0,10000.0,0.0,3850000.0,
Unseelie Count,1,102.0,10000.0,0.0,1020000.0,
Unstoppable Studio,1,360.0,10000.0,0.0,3600000.0,
Uruca Game Studio,1,82.0,10000.0,0.0,820000.0,
"VR design Åsa Egnér, Modelling Evermotion, Carolina Ask,, Programming Johnny Nyman Softwarehut,Character modelling Peter Flygenring Toft, Pianist Jonathan Sersam Sound Hans Nilsson Joar Löfberg Dancer Osama Al Shihabi, Motion Capture HumLabb, Lunds Universitet Video David Blomquist Yoga Michaela Tellenmark Physiotherapy Ulrika Björck, Caroline Dahlberg Oliver Lindman Credit: Theis Madsen MD&CEO CopenRealityApS",1,82.0,10000.0,0.0,820000.0,
VRA-Games,1,,10000.0,0.0,0.0,
VRLab Academy,1,,10000.0,0.0,0.0,
Vae Victis Games,1,,350000.0,0.0,0.0,
Valadorn,1,30.0,10000.0,0.0,300000.0,
Valve,2,,10000.0,0.0,0.0,
Vampire Squid,1,285.0,75000.0,0.0,21375000.0,
Varlov981,1,,10000.0,0.0,0.0,
Vidas Salavejus,1,,10000.0,0.0,0.0,
Vigilant Addiction Studios,1,,10000.0,0.0,0.0,
Vipera Games sp. z o.o.,1,449.0,10000.0,0.0,4490000.0,
Virhex,1,195.0,10000.0,0.0,1950000.0,
Viridino Studios,1,165.0,35000.0,1.0,5775000.0,
Vision Reelle,1,,35000.0,1.0,0.0,
Volition,1,,10000.0,0.0,0.0,
Vrai,1,59.0,10000.0,0.0,590000.0,
"Wales Interactive, Good Gate Media",1,,35000.0,2.0,0.0,
WanadevStudio,1,880.0,10000.0,0.0,8800000.0,
Warfare Studios,1,,35000.0,0.0,0.0,
Waterlily Games,1,,75000.0,3.0,0.0,
WaveParadigm,1,,10000.0,0.0,0.0,
Westerngamer,1,,10000.0,0.0,0.0,
Whalebox Studio,1,,10000.0,0.0,0.0,
Wheeler Studio,1,259.0,10000.0,0.0,2590000.0,
Whipstitch Games,1,,10000.0,1.0,0.0,
WhiteMoon Dreams,1,,10000.0,0.0,0.0,
Whoop Group,1,102.0,10000.0,0.0,1020000.0,
WinterCell Studios,1,,10000.0,2.0,0.0,
"Wireless Marvels, Inc.",1,30.0,10000.0,0.0,300000.0,
Wonder Games,1,,10000.0,0.0,0.0,
Workroom7,1,,10000.0,1.0,0.0,
Wu Zhang,1,61.0,10000.0,0.0,610000.0,
XIHE Animation,1,,10000.0,1.0,0.0,
XMR,1,,10000.0,0.0,0.0,
Xaxis Games Limited,1,,10000.0,0.0,0.0,
Xia Start,1,,10000.0,0.0,0.0,
YEARS,1,102.0,10000.0,0.0,1020000.0,
"YGGDRAZIL GROUP PUBLIC CO., LTD.",1,,75000.0,3.0,0.0,
Yai Gameworks,1,,10000.0,0.0,0.0,
Yocat Games,1,350.0,10000.0,0.0,3500000.0,
"Yu Sasuga,Kenichi Tachibana/SHUEISHA,Project TERRAFORMARS",1,,10000.0,0.0,0.0,
Yuksel Kagan,1,,10000.0,0.0,0.0,
ZOMG Clan Games,1,200.0,10000.0,0.0,2000000.0,
ZPink,1,,10000.0,1.0,0.0,
ZeniMax Online Studios,1,,10000.0,0.0,0.0,
Zeppelin Studio,1,200.0,150000.0,0.0,30000000.0,
Zero Directive,1,,35000.0,0.0,0.0,
Zeus Game Studio,1,,10000.0,0.0,0.0,
[redacted],1,,10000.0,0.0,0.0,
_wiwigames,1,385.0,10000.0,0.0,3850000.0,
abdulkadir,1,61.0,10000.0,0.0,610000.0,
albertnez,1,,75000.0,0.0,0.0,
anyfreegame,1,195.0,10000.0,0.0,1950000.0,
b-Alive,1,599.0,75000.0,3.0,44925000.0,57.0
beans rolls,1,,35000.0,0.0,0.0,
bilge,1,125.0,35000.0,0.0,4375000.0,
bitter sweet entertainment,1,,10000.0,0.0,0.0,
boxedworks,1,200.0,10000.0,0.0,2000000.0,
bras_casse,1,133.0,10000.0,0.0,1330000.0,
busy bear,1,200.0,75000.0,6.0,15000000.0,
chushengjia,1,195.0,10000.0,0.0,1950000.0,
d'Arc,1,,10000.0,0.0,0.0,
deadworld games,1,385.0,10000.0,0.0,3850000.0,
devotid,1,349.0,10000.0,0.0,3490000.0,
"diogoh3x, Garoa Studios",1,385.0,10000.0,0.0,3850000.0,
dotcopycat,1,,10000.0,1.0,0.0,
doublesix,1,,10000.0,1.0,0.0,
dustinaux,1,,35000.0,12.0,0.0,
eSolutions,2,200.0,35000.0,0.0,7000000.0,
echomune,1,,10000.0,0.0,0.0,
hek.dev,1,,10000.0,0.0,0.0,
hiawathamr,1,199.6,10000.0,0.0,1996000.0,
hublab,1,385.0,10000.0,0.0,3850000.0,
i29tsro,1,,10000.0,0.0,0.0,
idk?,1,,10000.0,0.0,0.0,
imissmyfriends.studio,1,,10000.0,0.0,0.0,
"imos AG, MOS Consult",1,,10000.0,0.0,0.0,
indie_games_studio,1,,35000.0,0.0,0.0,
ksxtin,1,200.0,10000.0,0.0,2000000.0,
littleknightgames,1,,10000.0,0.0,0.0,
mc2_games,1,175.0,10000.0,0.0,1750000.0,
mc2games,1,,10000.0,1.0,0.0,
metalex,1,,10000.0,0.0,0.0,
nonononono,1,,10000.0,0.0,0.0,
okyakusama,2,133.0,10000.0,1.0,1330000.0,
orangutan matter,1,520.0,10000.0,0.0,5200000.0,
pickysource,1,420.0,35000.0,0.0,14700000.0,
platypurplestudios,1,,10000.0,0.0,0.0,
punkfruit,1,,10000.0,0.0,0.0,
secret industries,1,,10000.0,0.0,0.0,
smartphone-games,1,,10000.0,0.0,0.0,
snow in the library,1,,10000.0,0.0,0.0,
tesakiza,1,,10000.0,0.0,0.0,
tinyDino Games,1,,10000.0,0.0,0.0,
vemu games,1,,10000.0,0.0,0.0,
xisgame,1,61.0,10000.0,0.0,610000.0,
yjwGame,1,,10000.0,0.0,0.0,
▲ Pyramid Games,1,,10000.0,0.0,0.0,
つばさ,1,,10000.0,0.0,0.0,
とぶ,1,,10000.0,0.0,0.0,
よるのあとち(Yorunoatochi),1,,10000.0,0.0,0.0,
シカクゲームズ,1,360.0,10000.0,1.0,3600000.0,
"ハト, Gotcha Gotcha Games",1,,10000.0,0.0,0.0,
哈视奇科技,1,249.0,150000.0,0.0,37350000.0,
"天沼孝行, Gotcha Gotcha Games",1,360.0,10000.0,0.0,3600000.0,
小小游戏,1,,10000.0,0.0,0.0,
有点意思,1,,10000.0,0.0,0.0,
李晟艺,1,,10000.0,0.0,0.0,
游戏养家工作室,1,90.0,10000.0,0.0,900000.0,
游鲤化龙工作室,1,550.0,350000.0,276.0,192500000.0,
真爱粉,1,154.0,10000.0,0.0,1540000.0,
"自転車創業, フォージビジョン株式会社",1,,10000.0,0.0,0.0,
西安魔幻宝贝网络科技有限公司,1,,10000.0,0.0,0.0,
豆丁儿独立游戏工作室,1,61.0,35000.0,0.0,2135000.0,
闪金游戏,1,154.0,10000.0,2.0,1540000.0,
风暴工作室（Storm Studio）,1,,10000.0,0.0,0.0,
