Издатель,Количество игр,Средняя цена,Средние владельцы,Средний CCU,Суммарный доход (оценка),Средний метаскор,Средняя доля положительных отзывов
 ChillyRoom,1,139.0,10000.0,0.0,1390000.0,,0.8214
 Dread XP,1,,10000.0,0.0,0.0,,0.0
 Games Operators,1,,10000.0,0.0,0.0,,0.0
" KRAFTON, Inc.",1,1100.0,10000.0,0.0,11000000.0,,0.5911
 Silistre Game,1,,10000.0,0.0,0.0,,0.75
 okyakusama,1,,10000.0,2.0,0.0,,0.5789
101XP,1,299.0,10000.0,0.0,2990000.0,,0.6744
1047 Games,1,,10000.0,0.0,0.0,,1.0
"2GT, Dexter.CO",1,49.0,10000.0,0.0,490000.0,,1.0
2K,2,,250000.0,21.0,0.0,,0.8345
"2K, Aspyr (Mac), Aspyr (Linux)",1,,10000.0,0.0,0.0,,0.6806
3000AD,1,,10000.0,0.0,0.0,,0.0
4Happy Studio,1,,10000.0,1.0,0.0,,0.0
505 Games,1,,10000.0,0.0,0.0,,0.7692
505 Games Official,1,409.0,150000.0,17.0,61350000.0,69.0,0.7931
505 Pulse,1,104.0,35000.0,7.0,3640000.0,,0.617
52.6 Productions,1,133.0,10000.0,0.0,1330000.0,,1.0
7 Soft Pillows,1,99.0,10000.0,0.0,990000.0,,0.5455
8floor,2,550.0,10000.0,0.5,5500000.0,,0.775
90% Studios,1,82.0,10000.0,0.0,820000.0,,1.0
A & D Cooperation,1,,10000.0,0.0,0.0,,0.0
A To Play Ltd,1,125.0,35000.0,0.0,4375000.0,,0.0
AMPLITUDE Studios,1,,10000.0,0.0,0.0,,0.9048
ANIPLEX.EXE,1,,10000.0,2.0,0.0,,0.0
AXR-STUDIOS,2,42.0,10000.0,0.0,420000.0,,0.0
Abn Studio Inc.,1,,35000.0,0.0,0.0,,1.0
Acheron-Soft,1,360.0,10000.0,0.0,3600000.0,,0.5
Activision,1,,10000.0,0.0,0.0,,0.5357
African boy Keita studio,1,,10000.0,0.0,0.0,,0.0
Agegame,1,,10000.0,0.0,0.0,,0.0
Alex Hanson-White,1,,10000.0,0.0,0.0,,0.875
Alpha Graphic Designs,1,,10000.0,0.0,0.0,,0.0
Altfuture,1,465.0,10000.0,0.0,4650000.0,,0.9714
"An Otter Team, Kabi Jedhagen",1,,35000.0,0.0,0.0,,1.0
Anawiki Games,1,249.0,10000.0,0.0,2490000.0,,0.6429
Anchora Games,1,,35000.0,2.0,0.0,,0.5
Andreev Worlds,1,42.0,10000.0,0.0,420000.0,,0.6271
Angel And Demons,1,,10000.0,0.0,0.0,,0.3333
Another Slime Studio,1,,150000.0,0.0,0.0,,0.5
Antti Mannisto,1,,10000.0,0.0,0.0,,0.0
Appocalypse Games,1,,10000.0,0.0,0.0,,0.7895
Architect Studios,1,259.0,10000.0,0.0,2590000.0,,0.625
Arenokubis Games,1,,10000.0,0.0,0.0,,0.0
Artex,1,710.0,10000.0,0.0,7100000.0,,0.9444
Artur Smiarowski,1,,35000.0,0.0,0.0,,0.7004
"Asobimo, Inc.",1,,10000.0,0.0,0.0,,0.0
Assemble Entertainment,1,,10000.0,0.0,0.0,,0.0
Astrea,1,,10000.0,0.0,0.0,,0.0
Astrolabe Games,1,,10000.0,0.0,0.0,,0.8145
Ateliér Duchů,1,133.0,10000.0,0.0,1330000.0,,0.0
AzozDev,1,259.0,10000.0,0.0,2590000.0,,0.0
BABYCOCO,1,,10000.0,0.0,0.0,,0.0
BANDAI NAMCO Entertainment,2,399.0,10000.0,0.0,3990000.0,,0.1679
BFG Entertainment,5,710.0,10000.0,0.2,14200000.0,,0.66774
Baiyun Game Studio,1,,10000.0,0.0,0.0,,0.0
Bandai Namco Entertainment,1,1999.0,10000.0,4.0,19990000.0,,0.9051
Bauschan Gamez,1,269.0,35000.0,0.0,9415000.0,,1.0
"Beijing Xinrun Technology Co.,Ltd",1,249.0,10000.0,0.0,2490000.0,,0.0
Belleal Games,1,,10000.0,0.0,0.0,,0.0
Bennaction,1,,10000.0,0.0,0.0,,0.0
Bethesda Softworks,3,,10000.0,0.0,0.0,,0.37443333333333334
Binary Lunar,1,133.0,10000.0,0.0,1330000.0,,0.8571
Bingo! Games,1,82.0,10000.0,0.0,820000.0,,0.0
Birchfruit,1,200.0,10000.0,1.0,2000000.0,,0.9535
Biscuit Play,1,21.0,10000.0,0.0,210000.0,,0.5
Bitca,1,,10000.0,0.0,0.0,,0.75
Black Shell Media,1,,10000.0,1.0,0.0,,0.3333
Blank Dream Studios,1,195.0,35000.0,0.0,6825000.0,,0.8696
Blender Games,3,82.0,26666.666666666668,0.0,2870000.0,,0.7411666666666666
Bomb Shelter Games,1,,75000.0,0.0,0.0,,0.6
Boogygames Studios,5,82.0,15000.0,0.0,5330000.0,,0.34286000000000005
"Boring People, LLC",1,,10000.0,0.0,0.0,,0.0
Bunlysh Studios,1,,10000.0,0.0,0.0,,0.871
"CAPCOM Co., Ltd.",6,,10000.0,0.0,0.0,,0.75
CCP,1,20400.0,10000.0,0.0,204000000.0,,0.0
"CE-Asia, 505 Games",1,,350000.0,0.0,0.0,,0.8286
"CFK Co., Ltd.",1,520.0,10000.0,1.0,5200000.0,,0.875
CHAKRA 3D,1,309.0,10000.0,0.0,3090000.0,,0.0
"COLOPL, Inc.",1,,10000.0,0.0,0.0,,0.0
CRYTlVO,1,,10000.0,0.0,0.0,,0.5926
CYZR,1,82.0,10000.0,0.0,820000.0,,0.0
Cakewalk,1,,35000.0,0.0,0.0,,0.7895
Calthies,1,,35000.0,0.0,0.0,,0.0
Caos Creations,1,,35000.0,2.0,0.0,,0.0
Carbon Studio,1,,10000.0,1.0,0.0,,0.0
"Catoptric Games, IndieArk",1,82.0,10000.0,0.0,820000.0,,0.75
Catpix Studios,1,,10000.0,0.0,0.0,,0.0
Catstudio,1,,10000.0,1.0,0.0,,0.2
Caz Game Design,1,,10000.0,0.0,0.0,,0.5263
Celeritas Games,1,320.0,10000.0,0.0,3200000.0,,0.6849
Ceruk,1,,10000.0,0.0,0.0,,0.0
Chad R. Banks,1,,35000.0,0.0,0.0,,0.0
Channel 4,1,129.0,10000.0,0.0,1290000.0,,0.0
Chaosmonger Studio,1,61.0,10000.0,0.0,610000.0,,1.0
Cherry Bloom,1,259.0,10000.0,0.0,2590000.0,,1.0
Choice of Games,1,,10000.0,0.0,0.0,,0.0
Chongming Studio,1,,10000.0,0.0,0.0,,0.0
Chris Folea,1,,10000.0,1.0,0.0,,0.0
Christopher Cinq-Mars Jarvis,1,,10000.0,0.0,0.0,,0.0
Christopher Yabsley,1,200.0,10000.0,0.0,2000000.0,,0.8
Cleardot Games,1,,10000.0,0.0,0.0,,0.9091
Clever Plays,1,,10000.0,0.0,0.0,,0.0
Cloak and Dagger Games,1,,10000.0,0.0,0.0,,1.0
Clock Wizard Games,1,,35000.0,1.0,0.0,52.0,0.6151
Clouded Leopard Entertainment,2,359.0,10000.0,0.0,3590000.0,,0.0
Code Society,1,,10000.0,0.0,0.0,,0.0
Codename Entertainment Inc.,2,,10000.0,0.0,0.0,,1.0
Coffee Puck Games,1,200.0,35000.0,0.0,7000000.0,,1.0
"Cold Iron Studios, Focus Entertainment",1,159.0,10000.0,0.0,1590000.0,,0.875
Complex Plane,1,,10000.0,0.0,0.0,,0.0
Con Artist Games,1,,350000.0,0.0,0.0,,0.7207
Coreloop,1,,10000.0,0.0,0.0,,0.0
Corrosive Studios LLC,1,,10000.0,0.0,0.0,,0.5
Cory Green,1,259.0,10000.0,0.0,2590000.0,,0.0
Cotton Game,1,,10000.0,0.0,0.0,,0.0
Covid Cowboys,1,,10000.0,0.0,0.0,,0.0
Cowleyfornia Studios ,1,133.0,10000.0,0.0,1330000.0,,0.8571
Crawly Games,1,,10000.0,0.0,0.0,,1.0
CrazySky3D,1,385.0,10000.0,0.0,3850000.0,,0.5862
Crew Lab,1,42.0,10000.0,0.0,420000.0,,0.8884
Critical Charm,1,259.0,10000.0,0.0,2590000.0,,1.0
Crying Cat Games,1,,10000.0,0.0,0.0,,0.0
Crystal Bat Studio,1,,10000.0,0.0,0.0,,0.8846
Cubic Pie Live,1,,10000.0,0.0,0.0,,1.0
Cute Hannah's Games,1,82.0,10000.0,0.0,820000.0,,0.0
D&D Dream,1,385.0,10000.0,0.0,3850000.0,,0.0
D-Pad Studio,1,,10000.0,0.0,0.0,,1.0
D3 PUBLISHER,1,42.0,10000.0,0.0,420000.0,,0.0
D4 Laboratory,1,133.0,10000.0,0.0,1330000.0,,0.8235
DTP Entertainment,1,,10000.0,0.0,0.0,,0.0
DYSTANT Games,1,259.0,10000.0,0.0,2590000.0,,0.0
Daedalic Entertainment,1,,10000.0,5.0,0.0,85.0,1.0
David Mulder,1,42.0,10000.0,0.0,420000.0,,1.0
Dawnblaze Entertainment,1,30.0,35000.0,0.0,1050000.0,,0.8424
Daybreak Game Company,1,,10000.0,0.0,0.0,,1.0
"Dear Villagers, OKJOY",1,,10000.0,0.0,0.0,,0.7308
Decoder,1,129.0,10000.0,0.0,1290000.0,,0.6
Deep Silver,1,,10000.0,0.0,0.0,,0.7273
Dennis M. Heine,1,,10000.0,0.0,0.0,,0.0
Devolver Digital Films,1,,10000.0,0.0,0.0,,0.95
Dieselmine,2,415.0,10000.0,2.5,4150000.0,,0.6489499999999999
DigiPen Institute of Technology,1,,35000.0,0.0,0.0,,0.0
Digital Monster Collective,1,,35000.0,0.0,0.0,,0.0
Digital Tribe,1,289.0,350000.0,19.0,101150000.0,,0.7242
Disney Interactive,1,,10000.0,0.0,0.0,,0.0
Distribber,1,,10000.0,0.0,0.0,,0.0
Divine Light Games,1,82.0,10000.0,0.0,820000.0,,0.4444
"Dolphin Horizon Games, Inc.",1,,10000.0,0.0,0.0,,0.0
Doombrowski,1,,10000.0,0.0,0.0,,0.0
Dovetail Games,1,,10000.0,0.0,0.0,,0.3333
Dovetail Games - Flight,1,419.0,10000.0,0.0,4190000.0,,0.8235
Dovetail Games - TSW,1,,10000.0,0.0,0.0,,0.7029
Dovetail Games - Trains,2,199.0,10000.0,0.0,1990000.0,,0.7598
Drakkar Game Studio,1,,10000.0,0.0,0.0,,0.0
"Dreadlocks Mobile, Silicon Jelly, Dreadlocks Ltd.",1,,10000.0,4.0,0.0,,0.9032
Dreaming Door Studios,1,,10000.0,1.0,0.0,,0.0
DriftyGames,1,125.0,10000.0,0.0,1250000.0,,0.9565
E-Crew,1,,10000.0,0.0,0.0,,0.0
EGC Games,2,82.0,10000.0,0.0,820000.0,,0.20835
ESDigital Games,1,29.0,10000.0,0.0,290000.0,,1.0
EYEFRONT,1,99.0,10000.0,0.0,990000.0,,0.0
Eagle Dynamics SA,1,900.0,10000.0,0.0,9000000.0,,0.7083
Earlgrey,1,139.0,10000.0,0.0,1390000.0,,0.9167
Eastasiasoft Limited,1,,10000.0,0.0,0.0,,0.6667
EasyWays,1,59.0,10000.0,0.0,590000.0,,0.7442
Edge of Reality,1,,7500000.0,1.0,0.0,72.0,0.8259
Effort Star,1,359.0,35000.0,0.0,12565000.0,,0.934
Eldin Turulja,1,,150000.0,45.0,0.0,,0.902
Electronic Arts,2,,10000.0,0.0,0.0,,0.5549
Element Studio,1,199.0,75000.0,2.0,14925000.0,,0.7788
Elraim Studio,1,280.0,10000.0,0.0,2800000.0,,0.6
Emperium Team,1,30.0,75000.0,0.0,2250000.0,,0.6667
Endless Entertainment,1,289.0,10000.0,0.0,2890000.0,,0.3333
Enigmatic Network,1,600.0,10000.0,0.0,6000000.0,,0.9778
Enoops,1,30.0,10000.0,0.0,300000.0,,0.0
Epic Tech Labs LLC,1,,10000.0,0.0,0.0,,0.0
Equalsonics,1,,10000.0,0.0,0.0,,0.7895
Ethan Goodchild,1,82.0,10000.0,0.0,820000.0,,1.0
Eugen Systems,2,,10000.0,0.0,0.0,,0.93135
Excalibur Games,1,102.0,10000.0,0.0,1020000.0,,0.7143
FIVE-BN GAMES,1,,350000.0,42.0,0.0,,0.9444
Fasaria World,1,,10000.0,0.0,0.0,,0.75
Feel Good Games,1,,10000.0,1.0,0.0,,0.6698
FireRing Studio,1,82.0,10000.0,0.0,820000.0,,0.0
Firebelley,1,82.0,10000.0,0.0,820000.0,,1.0
Firenut Games,1,710.0,10000.0,0.0,7100000.0,,1.0
First Games Interactive,1,,35000.0,0.0,0.0,,0.0
Fishing Planet LLC,1,,10000.0,0.0,0.0,,0.7143
Flynn's Arcade,1,385.0,10000.0,0.0,3850000.0,,0.9167
Forestlight Games,1,200.0,35000.0,0.0,7000000.0,,1.0
Forever Entertainment S. A.,1,,75000.0,2.0,0.0,,0.8901
"Forward Global Group, Ltd.",1,,10000.0,0.0,0.0,,0.0
Frogwares,1,,75000.0,3.0,0.0,,0.8144
"Frontier Developments, Aspyr (Mac)",1,,10000.0,0.0,0.0,,0.8222
Frontwing USA,2,,10000.0,0.0,0.0,,0.45825
Frostknight Games,1,61.0,10000.0,0.0,610000.0,,1.0
FunDream Games,1,,10000.0,0.0,0.0,,0.0
FurGoldGames,1,133.0,10000.0,0.0,1330000.0,,0.5714
FutureCake,1,,10000.0,0.0,0.0,,0.0
FutureMental Games,1,,10000.0,0.0,0.0,,0.2
Futuristic,1,,10000.0,0.0,0.0,,0.0
GAME Games,1,,10000.0,0.0,0.0,,0.9487
GGaming,1,42.0,10000.0,0.0,420000.0,,0.6957
GJ Arts,1,42.0,10000.0,0.0,420000.0,,0.0
GTGD,1,240.0,10000.0,0.0,2400000.0,,0.6
Galaktus,1,,10000.0,0.0,0.0,,0.8851
Game for people,1,,75000.0,0.0,0.0,,0.7214
Gamecraft Studios,1,,35000.0,54.0,0.0,,0.8973
Gamepainters,1,,10000.0,0.0,0.0,,0.0
Gamera Interactive,1,320.0,75000.0,0.0,24000000.0,,0.7143
Games For Pleasure,1,,10000.0,0.0,0.0,,0.0
Gamirror Games,2,,380000.0,20.5,0.0,,0.48835
Gamuzumi,1,,10000.0,1.0,0.0,,0.7209
Garage Games,2,,180000.0,4.0,0.0,,0.89925
Garage51,1,449.0,10000.0,1.0,4490000.0,,0.8852
Garibaldi Games,1,61.0,10000.0,0.0,610000.0,,0.88
Garoa Studios,1,385.0,10000.0,0.0,3850000.0,,0.9744
Gearbox Publishing,1,,10000.0,0.0,0.0,,0.5389
Geeky Mouse,1,,10000.0,1.0,0.0,,0.0
GeexGames,1,82.0,35000.0,0.0,2870000.0,,0.7143
Gerard Milmore,1,133.0,10000.0,0.0,1330000.0,,1.0
Ghost Story Games,1,,10000.0,0.0,0.0,,0.0
Ghost in the cartridge,1,,10000.0,0.0,0.0,,0.4783
Ghost_RUS Games,1,42.0,10000.0,0.0,420000.0,,0.0
Ghostlight LTD,1,30.0,10000.0,0.0,300000.0,,1.0
Giant Games,1,82.0,10000.0,0.0,820000.0,,0.5714
Go Ace It,1,,10000.0,0.0,0.0,,0.5
"Goblinz Studio, Fractale",1,,10000.0,0.0,0.0,,1.0
Godbey Games,1,,10000.0,0.0,0.0,,0.0
GoldenGod Games,1,,10000.0,2.0,0.0,,0.8378
"Goo Co., Ltd",1,165.0,10000.0,0.0,1650000.0,,0.0
Gotcha Gotcha Games,3,360.0,10000.0,0.0,3600000.0,,0.4666666666666666
Grab Games,1,,35000.0,0.0,0.0,,0.7794
"Grapple Bug Games, Inc.",1,,10000.0,0.0,0.0,,0.0
Guilherme Libanio,1,42.0,10000.0,0.0,420000.0,,0.0
HAYATOSKIE,1,,10000.0,0.0,0.0,,0.0
"HENTAI Plan, OTAKU Plan",1,,10000.0,0.0,0.0,,0.3333
HH-Games,1,320.0,35000.0,0.0,11200000.0,,0.5
Hagane,1,,35000.0,0.0,0.0,,0.0
Hako Games,1,133.0,10000.0,0.0,1330000.0,,0.5
Hala M. Dev,1,165.0,35000.0,0.0,5775000.0,,0.6667
Halycon Media,1,550.0,10000.0,0.0,5500000.0,,0.5347
HandMade Games,2,84.0,10000.0,0.0,1680000.0,,0.7345999999999999
Happymax,1,21.0,10000.0,0.0,210000.0,,0.5
"Hassey Enterprises, Inc.",1,,10000.0,0.0,0.0,,0.0
"Headbang Club, Whisper Games, Kakehashi",1,,10000.0,1.0,0.0,73.0,0.0
Heartomics,1,,10000.0,0.0,0.0,,0.0
Hentai works,1,42.0,10000.0,0.0,420000.0,,0.9306
HeroCraft PC,1,322.0,10000.0,1.0,3220000.0,,0.8442
Hidden Achievement LLC,1,,10000.0,0.0,0.0,,0.0
Honestly Games,1,,10000.0,2.0,0.0,,0.0
Honey Studio,1,259.0,10000.0,0.0,2590000.0,,0.0
Horny69Team,1,52.0,10000.0,0.0,520000.0,,0.2857
HoroGames,1,,10000.0,1.0,0.0,,0.88
Hosted Games,2,222.5,10000.0,2.0,4450000.0,,0.89005
Hub Culture Ltd,1,,10000.0,0.0,0.0,,0.0
Humble Games,1,,10000.0,0.0,0.0,,1.0
Hydra Games S.A.,1,,10000.0,0.0,0.0,,0.0
Hyperion Studio LLC,1,,10000.0,1.0,0.0,,0.0
IO Interactive A/S,1,,10000.0,0.0,0.0,,0.4076
"IQ Publishing, Airem",1,,10000.0,0.0,0.0,,0.0
IR Studio,2,42.0,10000.0,0.0,840000.0,,1.0
IS-TL,1,205.0,10000.0,0.0,2050000.0,,0.3333
IV Productions,1,,10000.0,0.0,0.0,,0.0
Idea Factory International,2,671.0,80000.0,9.0,195420000.0,,0.85065
"Idea Factory International, Inc.",1,82.0,10000.0,0.0,820000.0,,0.6667
Improbable Worlds Limited,1,,10000.0,1202.0,0.0,,0.0
IndieArk,1,550.0,350000.0,276.0,192500000.0,,0.7204
Infernum Games GmbH,1,,10000.0,0.0,0.0,,0.6364
"Infinitive Game Studios, LLC",1,,10000.0,0.0,0.0,,0.0
"Infogrames, Atari",1,,10000.0,0.0,0.0,,1.0
Interactive Stone,1,,10000.0,0.0,0.0,,0.8235
Iron Boar Labs Ltd.,1,284.0,10000.0,1.0,2840000.0,,0.8182
Ironward,1,,3500000.0,5.0,0.0,,0.7216
Italian Games Factory,1,,10000.0,0.0,0.0,,0.0
J.S.Void,1,,35000.0,0.0,0.0,,0.0
JY Games,1,165.0,10000.0,0.0,1650000.0,,1.0
Jaisa Studio,1,,10000.0,0.0,0.0,,1.0
JanduSoft,1,129.0,10000.0,0.0,1290000.0,,0.0
Janika Suhonen,1,,10000.0,0.0,0.0,,0.0
"Janus VR, Inc.",1,,35000.0,0.0,0.0,,0.0
JeliLiam,1,,10000.0,1.0,0.0,,0.0
Jesse Sakari Hyttinen,1,,10000.0,0.0,0.0,,0.0
Joel Carter,1,,10000.0,0.0,0.0,,1.0
Joey Drew Studios Inc.,1,,10000.0,0.0,0.0,,0.8541
Jonas Kastner,1,,10000.0,0.0,0.0,,0.0
Jordan Pefianco,1,,35000.0,0.0,0.0,,1.0
Jordan Rott,1,42.0,10000.0,0.0,420000.0,,0.0
Joshua Chenault,1,133.0,10000.0,0.0,1330000.0,,1.0
Jules-Makes-Games,1,,10000.0,0.0,0.0,,0.0
Julian Henley,1,,10000.0,0.0,0.0,,0.0
KABloom Interactive,1,,75000.0,4.0,0.0,,0.0
KEMCO,1,449.0,10000.0,0.0,4490000.0,,0.0
KIMIDORI SOFT,1,125.0,10000.0,6.0,1250000.0,,0.8473
"KOEI TECMO GAMES CO., LTD.",7,,10000.0,0.7142857142857143,0.0,,0.6829571428571429
KOMODO,8,300.3333333333333,10000.0,0.0,18020000.0,,0.475
KPL,2,164.5,180000.0,0.0,47150000.0,,0.52385
Kali Studio,1,125.0,10000.0,0.0,1250000.0,,1.0
Kalypso Media,1,2699.0,350000.0,0.0,944650000.0,,0.6592
Kalypso Media Digital,2,599.0,42500.0,1.5,44925000.0,57.0,0.3991
Kasedo Games,1,385.0,10000.0,0.0,3850000.0,,0.9
Kavkaz Sila Games,1,42.0,10000.0,0.0,420000.0,,0.6364
Kazakov Oleg,1,125.0,75000.0,0.0,9375000.0,,0.6629
Kdanss LLC,1,710.0,10000.0,0.0,7100000.0,,0.0
Ki3 Games,1,,10000.0,0.0,0.0,,0.0
Killer Bees Games,1,,10000.0,0.0,0.0,,0.0
King Key Games,1,200.0,10000.0,0.0,2000000.0,,0.6286
Kirisame Jump,1,289.0,10000.0,0.0,2890000.0,,1.0
Kobal Andrii,1,,10000.0,0.0,0.0,,0.0
"Konstructors, GrabTheGames",1,,10000.0,0.0,0.0,,0.0
Kotoshiro,1,289.0,10000.0,0.0,2890000.0,,1.0
Kozegu Games,1,,10000.0,0.0,0.0,,0.0
Krasnoshekova Mariya,1,61.0,35000.0,0.0,2135000.0,,0.5
Kristyna Chytilova,1,,10000.0,0.0,0.0,,0.0
Krzysztof Konopka,1,,10000.0,0.0,0.0,,0.5
KuKo,1,21.0,10000.0,0.0,210000.0,,0.8723
Kwing works,1,133.0,10000.0,0.0,1330000.0,,0.7857
L.YC,1,,10000.0,0.0,0.0,,0.0
LK Avalon,1,490.0,10000.0,0.0,4900000.0,,0.0
LTZinc,1,42.0,10000.0,0.0,420000.0,,0.875
LU QI,1,99.0,10000.0,0.0,990000.0,,0.7576
Laplacian,1,259.0,10000.0,0.0,2590000.0,,1.0
Larkon Studio,1,385.0,35000.0,0.0,13475000.0,,0.5559
Laugical Games,1,,10000.0,0.0,0.0,,0.7778
Leeside Games,1,,10000.0,0.0,0.0,,0.0
LesLove.Club,1,,10000.0,0.0,0.0,,0.0
Li Yin,1,125.0,10000.0,0.0,1250000.0,,1.0
Libredia,1,129.0,10000.0,0.0,1290000.0,,0.2
Libredia Entertainment,1,349.0,35000.0,0.0,12215000.0,,0.6891
Light Road Games,1,385.0,10000.0,1.0,3850000.0,,0.6742
Lightspyre Tales,1,,10000.0,0.0,0.0,,0.5
Lil Hentai Games,1,125.0,10000.0,0.0,1250000.0,,0.9241
LilyGame,1,,10000.0,0.0,0.0,,0.1304
Lingon Studios,1,385.0,75000.0,76.0,28875000.0,,0.6887
LionArc,1,550.0,10000.0,0.0,5500000.0,,1.0
Little Bean Games,1,61.0,35000.0,0.0,2135000.0,,0.9617
Lizard Games Studio,1,,10000.0,108.0,0.0,,0.8438
Longbow Games,1,,10000.0,0.0,0.0,,0.9667
Loresoft,1,,10000.0,1.0,0.0,,0.0
Lot10Games,1,42.0,10000.0,0.0,420000.0,,0.4
Love-Joint,1,550.0,10000.0,94.0,5500000.0,,0.8043
"Lucasfilm, Disney",1,,75000.0,3.0,0.0,,0.9385
Ludosity,1,,10000.0,0.0,0.0,,0.0
LusionSoft,1,249.0,10000.0,0.0,2490000.0,,1.0
MAGIX Software GmbH,1,,10000.0,1.0,0.0,,0.3
MIDNIGHT WORKS Societatea cu Răspundere Limitată,1,,10000.0,0.0,0.0,,0.0
Mad Games,1,,10000.0,0.0,0.0,,0.0
Malzbie Games,2,,10000.0,0.0,0.0,,0.5
Marmalade Game Studio Ltd,1,620.0,350000.0,62.0,217000000.0,,0.8793
Marshall Games,1,42.0,10000.0,0.0,420000.0,,1.0
Mastermind Publishing,1,385.0,10000.0,0.0,3850000.0,,0.6875
Matan Cohen,1,,10000.0,0.0,0.0,,0.3125
Matt McGreevy,1,,10000.0,0.0,0.0,,0.0
MediaCube Games,1,,10000.0,0.0,0.0,,0.0
Mediator Software,1,,10000.0,0.0,0.0,,0.0
Megame LLC,1,,75000.0,6.0,0.0,,0.6619
Mi-Clos Studio,1,149.0,10000.0,0.0,1490000.0,,0.8
Middle Edge Software,1,165.0,10000.0,0.0,1650000.0,,0.0
Miga,1,,10000.0,0.0,0.0,,0.0
Might and Delight,1,,350000.0,0.0,0.0,,0.6036
Mighty Eyes,1,,75000.0,1.0,0.0,,0.8442
Mikhail Melnikov,1,,35000.0,0.0,0.0,,0.3056
Milestone S.r.l.,3,,10000.0,0.0,0.0,,0.5757666666666666
Miss Xero,1,,10000.0,0.0,0.0,,0.0
Modern Alchemy,1,,10000.0,0.0,0.0,,0.6667
Modus Interactive,1,82.0,10000.0,0.0,820000.0,,0.9375
MoeNovel,1,57.0,35000.0,0.0,1995000.0,,0.8315
Monavista pub,1,82.0,10000.0,0.0,820000.0,,0.0
"Monster Couch, Stonemaier Games, indienova",1,,10000.0,0.0,0.0,,0.875
Moregames,1,,10000.0,0.0,0.0,,0.0
MorpheusZ,1,,10000.0,0.0,0.0,,0.0
Most Dangerous Games,1,,10000.0,0.0,0.0,,0.0
Movavi,1,,10000.0,0.0,0.0,,0.5
My Way Games,1,23.0,75000.0,0.0,1725000.0,,0.7075
N3V Games,5,722.4,10000.0,0.0,28896000.0,,0.06666
NUMBER7,1,,10000.0,0.0,0.0,,0.0
Nami Tentou,3,,10000.0,0.0,0.0,,0.3333333333333333
Narko Games,1,42.0,10000.0,0.0,420000.0,,0.3519
Natako Studio,1,,10000.0,0.0,0.0,,0.0
Nathan Brown,1,,10000.0,0.0,0.0,,0.0
NerdyBird Studios,1,,10000.0,0.0,0.0,,1.0
Never Dream,1,82.0,10000.0,0.0,820000.0,,1.0
Nevsram,1,61.0,10000.0,0.0,610000.0,,0.5
New Reality Games,1,21.0,750000.0,1.0,15750000.0,,0.2857
New Worlds Games,1,82.0,10000.0,0.0,820000.0,,0.0
Next Game,1,249.0,10000.0,0.0,2490000.0,,1.0
Next in Game,1,,10000.0,0.0,0.0,,0.0
Ni Hao,1,200.0,10000.0,0.0,2000000.0,,0.9688
Nick Marinello,1,,10000.0,0.0,0.0,,0.0
Nifty Productions,1,154.0,10000.0,0.0,1540000.0,,0.9
"Nightdive Studios, Atari",1,,150000.0,1.0,0.0,,0.9172
"Ningbo Inception Media Co., Ltd. ",1,,75000.0,3.0,0.0,,0.7449
Noble Master LLC,1,,350000.0,5.0,0.0,,1.0
Nor,1,,10000.0,0.0,0.0,,0.0
Nord GS,1,,10000.0,0.0,0.0,,0.5
NotionTheory,1,,10000.0,0.0,0.0,,0.0
Novalink,1,,10000.0,0.0,0.0,,0.0
Nowhere Studios,1,,10000.0,0.0,0.0,,0.0
Nuked Cockroach,1,,10000.0,0.0,0.0,,0.0
"Nuno ""Omega Leo"" Diogo",1,,10000.0,0.0,0.0,,0.0
Nyanco Channel,2,82.0,10000.0,0.0,1640000.0,,0.5
O.T.K Games,1,82.0,10000.0,0.0,820000.0,,0.9552
OGPlanet,1,,10000.0,0.0,0.0,,1.0
Ojas VR Studios,1,,10000.0,0.0,0.0,,0.0
Oleg Sereda,1,82.0,10000.0,0.0,820000.0,,1.0
Oli Taylor,1,30.0,35000.0,0.0,1050000.0,,0.6667
On The Level Studio Pty Ltd,1,,10000.0,0.0,0.0,,0.0
OnSkull Games,1,165.0,35000.0,0.0,5775000.0,,0.4314
Oneironaut Academy LLC,1,,10000.0,0.0,0.0,,0.5
OrgAction LLC,1,30.0,10000.0,0.0,300000.0,,1.0
PJ Faynik,1,,10000.0,0.0,0.0,,1.0
PLAYISM,1,249.0,10000.0,0.0,2490000.0,,0.5591
PQube,1,,10000.0,0.0,0.0,,1.0
PRODUCTION PENCIL,1,710.0,10000.0,0.0,7100000.0,,0.5833
PRODUKTIVKELLER Studios UG,1,,10000.0,0.0,0.0,,0.0
Panic Art Studios Ltd,1,200.0,10000.0,0.0,2000000.0,,0.6667
Paradox Interactive,1,309.0,10000.0,0.0,3090000.0,,0.7273
Paramount Digital Entertainment,1,,10000.0,1.0,0.0,,0.9231
"Pathea Games, Focus Entertainment, PM Studios, Inc., DMM Games",1,169.0,10000.0,0.0,1690000.0,,0.86
Paul Schneider,1,,35000.0,2.0,0.0,,0.9413
PengJiLin,1,,10000.0,0.0,0.0,,1.0
PerkMandelc,1,,10000.0,0.0,0.0,,0.0
Pernich Media,1,280.0,10000.0,0.0,2800000.0,,0.6875
Peter Manfreda,1,259.0,10000.0,0.0,2590000.0,,0.0
Petr Šimůnek,1,,10000.0,0.0,0.0,,0.0
Phantom Games Studio,1,,10000.0,0.0,0.0,,0.0
PhantomSoft,1,,10000.0,0.0,0.0,,0.0
Pharaoh Hound Games,1,,10000.0,0.0,0.0,,0.0
Phoenix Online Publishing,1,,10000.0,1.0,0.0,,0.0
Phoenixx Inc.,1,360.0,10000.0,1.0,3600000.0,,0.9766
Piece Of Voxel,1,,35000.0,0.0,0.0,,0.5556
Pierre Feuille Studio,1,,10000.0,0.0,0.0,,0.0
Pink Label Games,1,41.0,10000.0,0.0,410000.0,,0.0
PinkChinChin,1,385.0,10000.0,0.0,3850000.0,,0.9032
Pirozhok,1,,10000.0,0.0,0.0,,0.0
Pixel Puzzles,2,89.5,10000.0,0.0,1790000.0,,0.75
Pixel Sprout Studios,1,140.0,10000.0,0.0,1400000.0,,1.0
Placeholder Studios,1,,10000.0,0.0,0.0,,0.0
Planet Games,1,,10000.0,0.0,0.0,,0.0
"Playmeow, ACG creator, Playmeow News",1,,10000.0,0.0,0.0,,0.0
Playtika Ltd.,1,,150000.0,20.0,0.0,,0.0
Plug In Digital,1,,10000.0,0.0,0.0,,0.7778
"Plug In Digital, Dear Villagers",1,,75000.0,0.0,0.0,,0.6923
Poema Games,1,82.0,10000.0,0.0,820000.0,,0.6667
Preapp Partners,1,435.0,10000.0,0.0,4350000.0,,0.5765
Premiere Digital,1,,10000.0,0.0,0.0,,0.0
Prime Bit Games SA,1,,10000.0,0.0,0.0,,1.0
Productions Pluie De Sang,1,,10000.0,0.0,0.0,,0.0
ProjectMoon,1,435.0,10000.0,0.0,4350000.0,,0.9567
Propulsion Studios,1,42.0,10000.0,0.0,420000.0,,0.0
Przestraszeni,1,,10000.0,0.0,0.0,,0.8
PsychoFlux Entertainment,1,,10000.0,1.0,0.0,,0.0
Punky Unicorn,1,,10000.0,0.0,0.0,,0.0
Puuba,1,,10000.0,0.0,0.0,,0.0
Pyramid Lab,1,,10000.0,0.0,0.0,,0.0
Quantic Dream,1,1499.0,1500000.0,210.0,2248500000.0,76.0,0.8765
Quantum Phoenix Bucharest,1,189.0,75000.0,0.0,14175000.0,,0.5217
Queenfish Games,1,,10000.0,0.0,0.0,,0.0
Quiet River,1,82.0,350000.0,2.0,28700000.0,,0.9691
RC UNITECH,1,,10000.0,0.0,0.0,,0.0
RLTY CHK,1,129.0,10000.0,0.0,1290000.0,,0.5556
RPGScenery,1,82.0,10000.0,0.0,820000.0,,0.0
RPGuille,1,280.0,10000.0,0.0,2800000.0,,0.0
Rablo Games,1,360.0,35000.0,0.0,12600000.0,,0.8655
"Rablo Games, Gamersky Games",1,,10000.0,1.0,0.0,,0.875
Rafael Ben-Ari,1,,75000.0,1.0,0.0,,0.9842
Rahul Martin,1,133.0,10000.0,0.0,1330000.0,,0.0
Rat King Entertainment,1,,10000.0,0.0,0.0,,1.0
Raw Orange Studios Limited,1,,10000.0,0.0,0.0,,0.0
Rebellion,2,,10000.0,0.0,0.0,,0.7857000000000001
Redhead Game Society,1,125.0,10000.0,0.0,1250000.0,,0.0
Reforged Group,1,,10000.0,0.0,0.0,,0.0
Reframe Games,1,,10000.0,0.0,0.0,,1.0
"Rejected Games, PlayWay S.A.",1,385.0,10000.0,0.0,3850000.0,,0.6024
Rekim,1,,35000.0,4.0,0.0,,0.8214
"Relic Entertainment, Feral Interactive (Mac), Feral Interactive (Linux)",1,589.0,350000.0,0.0,206150000.0,,0.7474
Repair Garage Japan,1,82.0,10000.0,0.0,820000.0,,0.0
Resaca Games,1,,10000.0,0.0,0.0,,0.0
RevolutionGT,1,61.0,10000.0,0.0,610000.0,,0.0
RewindApp,1,,10000.0,0.0,0.0,,0.3333
Richard Haraším,1,,10000.0,0.0,0.0,,0.0
Rinostar Games,1,,10000.0,0.0,0.0,,0.0
"Riverview Artificial Intelligence, LLC",1,1600.0,10000.0,0.0,16000000.0,,0.3333
Roache-Turner Films,1,,10000.0,0.0,0.0,,0.0
Rocket Tiger Studios,1,,10000.0,0.0,0.0,,0.0
Rockstar Games,1,,350000.0,3.0,0.0,81.0,0.9002
Roencia Game Creators,1,,10000.0,0.0,0.0,,0.4706
Ronimo Games,1,,10000.0,0.0,0.0,,0.8941
Rusimitu,1,,10000.0,0.0,0.0,,0.0
Rusty Lake,1,240.0,1500000.0,51.0,360000000.0,,0.9465
SA Industry,4,297.5,51250.0,0.25,44975000.0,,0.58925
SCP: Escape Together development team,1,,350000.0,8.0,0.0,,0.0
SEGA,2,,10000.0,0.0,0.0,,0.24285
"SEGA, Feral Interactive (Mac), Feral Interactive (Linux)",1,219.0,10000.0,0.0,2190000.0,,0.9
SEKTOR GAMES,1,,10000.0,0.0,0.0,,0.5714
SMG Studio,1,240.0,10000.0,0.0,2400000.0,,1.0
SMT Ent.,1,,10000.0,0.0,0.0,,0.0
SOMATIC,1,,10000.0,0.0,0.0,,0.7391
SP-time,1,,35000.0,1.0,0.0,,0.8462
SPIDERWORKS,1,205.0,10000.0,0.0,2050000.0,,1.0
Salmi Games,1,,10000.0,0.0,0.0,,0.8438
Samobee Games,1,,150000.0,1.0,0.0,,0.0
SandorHQ,1,,10000.0,0.0,0.0,,0.0
Santa Ragione,1,550.0,75000.0,2.0,41250000.0,73.0,0.6565
"Saturn VR , NipsApp Gaming Software Pvt Ltd",1,,10000.0,0.0,0.0,,0.0
Saucy Melon,1,,10000.0,0.0,0.0,,1.0
ScTiger,1,,10000.0,0.0,0.0,,1.0
Screaming Bee,1,61.0,10000.0,0.0,610000.0,,0.0
Scumhead,1,259.0,75000.0,0.0,19425000.0,,0.9126
Secret Labo,1,299.0,35000.0,3.0,10465000.0,,0.7648
Self,1,200.0,10000.0,0.0,2000000.0,,0.5714
Seven Sails Games,1,280.0,10000.0,0.0,2800000.0,,1.0
Shanghai SilverMoon Network Technology Co.Ltd,1,,10000.0,0.0,0.0,,1.0
Shiba Neko,1,,10000.0,0.0,0.0,,0.7692
Shiravune,1,880.0,10000.0,0.0,8800000.0,,0.7273
Shockk,1,,10000.0,0.0,0.0,,1.0
ShuiMUMUdeMa,1,,10000.0,0.0,0.0,,1.0
Signo & Arte,1,82.0,10000.0,0.0,820000.0,,0.8571
Silver Forged,1,30.0,10000.0,0.0,300000.0,,1.0
Silver Hawk,1,,10000.0,0.0,0.0,,0.0
Simon Says: Play!,1,,10000.0,1.0,0.0,,0.0
Single Step Games,1,,10000.0,0.0,0.0,,0.7778
Ska Studios,1,,75000.0,12.0,0.0,,0.6272
Skunkape Interactive,1,,10000.0,0.0,0.0,,0.6818
Slay Buherman,1,50.0,10000.0,0.0,500000.0,,0.0
SlimeSmile,1,,10000.0,0.0,0.0,,0.0
Slitherine Ltd.,3,731.6666666666666,10000.0,0.0,21950000.0,,0.7690666666666667
Smiles,1,160.33,10000.0,0.0,1603300.0000000002,,1.0
Snapbreak,1,200.0,10000.0,2.0,2000000.0,,0.8819
Softwaves Dist.,1,82.0,10000.0,0.0,820000.0,,0.0
Soldak Entertainment,2,,22500.0,2.5,0.0,76.0,0.43275
Solvendo Games,1,,10000.0,0.0,0.0,,0.0
Sometimes You,1,200.0,350000.0,39.0,70000000.0,,0.7368
Sons of Earth Games,1,,10000.0,0.0,0.0,,0.7143
Spacezero Interactive,1,240.0,10000.0,0.0,2400000.0,,0.8976
Spectragate,1,,10000.0,1.0,0.0,,0.0
Spellnode Interactive,1,82.0,10000.0,0.0,820000.0,,1.0
Spin City,1,,10000.0,0.0,0.0,,0.0
Split Light Studio,1,102.0,75000.0,0.0,7650000.0,,0.7389
Spongey Kitty,1,42.0,10000.0,0.0,420000.0,,0.8644
Square Enix,2,,22500.0,7.0,0.0,,0.9617
Stanley Lam,1,42.0,10000.0,0.0,420000.0,,0.0
Startale Games,1,133.0,10000.0,0.0,1330000.0,,0.0
Steamberry Studio,1,710.0,10000.0,0.0,7100000.0,,0.9416
Stegalosaurus Game Development,1,,10000.0,0.0,0.0,,0.0
Stephen Walton,1,,35000.0,0.0,0.0,,0.0
Stratecade LLC,1,165.0,350000.0,3.0,57750000.0,,0.8496
Strategy First,2,133.0,42500.0,0.0,9975000.0,,0.4236
Submersivo Game Studio,1,,150000.0,0.0,0.0,,0.8041
Suits & Sandals,1,,10000.0,0.0,0.0,,0.0
Sunlight Games,1,,150000.0,0.0,0.0,,0.1187
"T-Time Technology CO., LTD.",2,352.5,42500.0,6.0,27850000.0,,0.8064
THQ Nordic,3,259.0,18333.333333333332,0.3333333333333333,9405000.0,66.0,0.5722666666666667
TITANIUM ARMOR,1,82.0,10000.0,0.0,820000.0,,0.6667
TM2050 dev,1,,10000.0,0.0,0.0,,0.0
Tactic Forge,1,125.0,10000.0,0.0,1250000.0,,0.0
TailsUp4Tyranno,1,259.0,10000.0,0.0,2590000.0,,0.7375
Take Toad,1,,10000.0,0.0,0.0,,0.0
Tanks2.DE,1,,10000.0,0.0,0.0,,0.0
Tansion,1,82.0,10000.0,0.0,820000.0,,0.0
TapBlaze,1,240.0,10000.0,0.0,2400000.0,,0.0
Tate Multimedia,1,649.0,350000.0,1.0,227150000.0,58.0,0.8489
Tauron Glyph,1,259.0,10000.0,0.0,2590000.0,,0.75
Team Crackin',1,,10000.0,0.0,0.0,,0.0
Team Irradiated,1,550.0,10000.0,0.0,5500000.0,,0.5714
"Team RUN, TyGAMES",1,280.0,10000.0,0.0,2800000.0,,0.897
TechnoBrain,1,,10000.0,0.0,0.0,,0.875
Tegridy Made Games,1,82.0,10000.0,0.0,820000.0,,0.3333
Tensei Games,1,520.0,10000.0,0.0,5200000.0,,0.8333
Terry Brash,1,,10000.0,0.0,0.0,,0.0
The Breakers Entertainment,1,,10000.0,0.0,0.0,,0.0
"The Lo-Fi Apocalypse, Inc.",1,195.0,75000.0,0.0,14625000.0,,0.8302
The Quantum Astrophysicists Guild,1,,10000.0,0.0,0.0,,0.0
The Revera Corporation,1,30.0,10000.0,0.0,300000.0,,0.625
TheGamePublisher.com,1,320.0,10000.0,0.0,3200000.0,,0.875
Theory Games,1,,10000.0,0.0,0.0,,0.0
Thetis Games,2,,10000.0,0.0,0.0,,0.0
Thinkofname,1,259.0,10000.0,0.0,2590000.0,,0.4667
Three Guys Game Studio,1,79.0,75000.0,0.0,5925000.0,,0.8592
TigerQiuQiu,12,31.0,10000.0,0.0,2480000.0,,0.0
Tilenauts,1,,10000.0,0.0,0.0,,0.3333
Time Break Studios,1,,10000.0,0.0,0.0,,0.0
TinyFox Games,1,82.0,10000.0,0.0,820000.0,,0.0
Titan Deep Space Company,1,133.0,10000.0,0.0,1330000.0,,1.0
ToastieLabs,1,51.0,10000.0,0.0,510000.0,,0.9
Tobias Gaertner,1,,10000.0,0.0,0.0,,0.0
Tomas Daugela,1,,10000.0,0.0,0.0,,1.0
Tommy Galletta,1,,10000.0,0.0,0.0,,1.0
TreStraal,1,,10000.0,0.0,0.0,,0.5
Treexy,1,,35000.0,6.0,0.0,,0.7384
Trilix34,1,,10000.0,0.0,0.0,,0.3333
Tristan Barona,1,259.0,10000.0,0.0,2590000.0,,0.8333
UP DEVELOPMENT LTD.,1,460.0,10000.0,0.0,4600000.0,,1.0
USC Games,1,,75000.0,1.0,0.0,,0.0
Ubisoft,3,,506666.6666666667,129.33333333333334,0.0,,0.264
Ubisoft SF,1,,10000.0,0.0,0.0,,0.0
Ughorse Studio,1,259.0,10000.0,0.0,2590000.0,,0.9
Uintani,1,,10000.0,0.0,0.0,,0.8095
Ulrike Donovan,1,102.0,10000.0,0.0,1020000.0,,0.0
Umix Studios,1,385.0,10000.0,0.0,3850000.0,,0.7327
Undergroundies,1,169.0,10000.0,0.0,1690000.0,,0.7778
UngAalborg,1,,10000.0,0.0,0.0,,0.0
Unstoppable Studio,1,360.0,10000.0,0.0,3600000.0,,1.0
Uruca Game Studio,1,82.0,10000.0,0.0,820000.0,,0.0
VIZ Media,1,,10000.0,0.0,0.0,,0.0
VOX design,1,,10000.0,0.0,0.0,,0.0
VRA-Games,1,,10000.0,0.0,0.0,,0.0
VRLab Academy,1,,10000.0,0.0,0.0,,0.5
Vae Victis Games,1,,350000.0,0.0,0.0,,0.5231
Valkyrie Initiative,1,290.0,10000.0,3.0,2900000.0,,0.9238
Valve,3,,506666.6666666667,11.666666666666666,0.0,,0.3089
Vampire Squid,1,285.0,75000.0,0.0,21375000.0,,0.8692
Varlov981,1,,10000.0,0.0,0.0,,0.0
Vernacular Games LLC,1,,10000.0,0.0,0.0,,0.0
Vidas Salavejus,1,,10000.0,0.0,0.0,,0.8148
Vigilant Addiction Studios,1,,10000.0,0.0,0.0,,0.0
Vipera Games sp. z o.o.,1,449.0,10000.0,0.0,4490000.0,,0.3333
Virhex,1,195.0,10000.0,0.0,1950000.0,,0.6667
Viridino Studios,1,165.0,35000.0,1.0,5775000.0,,0.9259
VirtualRehabART4Health,1,82.0,10000.0,0.0,820000.0,,0.6667
Vision Reelle,1,,35000.0,1.0,0.0,,0.9176
Wales Interactive,1,,35000.0,2.0,0.0,,0.7812
WanadevStudio,1,880.0,10000.0,0.0,8800000.0,,0.8056
Wankil Studio,1,61.0,10000.0,0.0,610000.0,,0.0
Warfare Studios,1,,35000.0,0.0,0.0,,0.5217
WaveParadigm LLC,1,,10000.0,0.0,0.0,,1.0
Westerngamer,1,,10000.0,0.0,0.0,,0.0
Wheeler Studio,1,259.0,10000.0,0.0,2590000.0,,0.6667
WinterCell Studios,1,,10000.0,2.0,0.0,,0.0
Wired Productions,3,175.0,10000.0,0.0,1750000.0,,1.0
"Wireless Marvels, Inc.",1,30.0,10000.0,0.0,300000.0,,0.6667
Witch thick tits,1,,10000.0,0.0,0.0,,0.6364
Witching Hour Entertainment LLC,1,385.0,10000.0,0.0,3850000.0,,0.75
Wu Zhang,1,61.0,10000.0,0.0,610000.0,,1.0
XMR,1,,10000.0,0.0,0.0,,1.0
"XSEED Games, Marvelous USA, Inc.",3,117.33333333333333,56666.666666666664,0.0,29980000.0,,0.9668333333333333
"XSEED Games, Marvelous USA, Inc., Marvelous",1,515.0,350000.0,3.0,180250000.0,,0.8114
Xaxis Games Limited,1,,10000.0,0.0,0.0,,0.0
Xbox Game Studio,1,,10000.0,0.0,0.0,,0.9286
Xia Start,1,,10000.0,0.0,0.0,,1.0
YIBAILI SOFTWARE,1,259.0,10000.0,0.0,2590000.0,,0.3468
Yai Gameworks,1,,10000.0,0.0,0.0,,0.6792
Yocat Games,1,350.0,10000.0,0.0,3500000.0,,0.0
Yogscast Games,1,,10000.0,0.0,0.0,,0.0
Yramash Games,1,,10000.0,0.0,0.0,,0.0
Yuksel Kagan,1,,10000.0,0.0,0.0,,0.0
ZOMG Clan Games,1,200.0,10000.0,0.0,2000000.0,,0.0
Zero Directive,1,,35000.0,0.0,0.0,,0.8667
Zeus Game Studio,1,,10000.0,0.0,0.0,,1.0
Ziggurat,1,,10000.0,0.0,0.0,,0.75
[redacted],1,,10000.0,0.0,0.0,,0.4545
albertnez,1,,75000.0,0.0,0.0,,0.0
anyfreegame,1,195.0,10000.0,0.0,1950000.0,,0.0
beans rolls,1,,35000.0,0.0,0.0,,0.5
bilge,1,125.0,35000.0,0.0,4375000.0,,0.863
boxedworks,1,200.0,10000.0,0.0,2000000.0,,0.9429
bras_casse,1,133.0,10000.0,0.0,1330000.0,,0.0
busy bear,1,200.0,75000.0,6.0,15000000.0,,0.6929
chushengjia,1,195.0,10000.0,0.0,1950000.0,,0.0
deadworld games,1,385.0,10000.0,0.0,3850000.0,,0.7895
devotid Media,1,349.0,10000.0,0.0,3490000.0,,0.6323
dotcopycat,1,,10000.0,1.0,0.0,,0.0
dustinaux,1,,35000.0,12.0,0.0,,0.8976
eSolutions Nordic AB,2,200.0,35000.0,0.0,7000000.0,,1.0
echomune,1,,10000.0,0.0,0.0,,0.5
eigoMANGA,1,102.0,10000.0,0.0,1020000.0,,0.3333
gamigo AG,1,,10000.0,0.0,0.0,,0.0
hek.dev,1,,10000.0,0.0,0.0,,0.0
hublab,1,385.0,10000.0,0.0,3850000.0,,1.0
idk?,1,,10000.0,0.0,0.0,,0.0
"imissmyfriends.studio, Wholesome Games Presents",1,,10000.0,0.0,0.0,,0.9608
imos AG,1,,10000.0,0.0,0.0,,0.0
indie_games_studio,1,,35000.0,0.0,0.0,,0.69
jitensyasougyou,1,,10000.0,0.0,0.0,,0.0
mNosGaming,1,,10000.0,0.0,0.0,,1.0
mc2_games,1,175.0,10000.0,0.0,1750000.0,,0.8571
mc2games,1,,10000.0,1.0,0.0,,0.8621
metalex,1,,10000.0,0.0,0.0,,0.0
nonononono,1,,10000.0,0.0,0.0,,0.7579
okyakusama,1,133.0,10000.0,0.0,1330000.0,,0.3529
orangutan matter,1,520.0,10000.0,0.0,5200000.0,,0.8718
pencil,1,385.0,10000.0,0.0,3850000.0,,0.0
pickysource,1,420.0,35000.0,0.0,14700000.0,,0.7586
platypurplestudios,1,,10000.0,0.0,0.0,,0.0
punkfruit,1,,10000.0,0.0,0.0,,0.6667
"room6, yokaze",1,245.0,10000.0,0.0,2450000.0,,1.0
secret industries,1,,10000.0,0.0,0.0,,0.0
smartphone-games,1,,10000.0,0.0,0.0,,0.0
snow in the library,1,,10000.0,0.0,0.0,,0.0
starlit studio,1,125.0,10000.0,0.0,1250000.0,,0.6667
teodlegames,1,61.0,10000.0,0.0,610000.0,,1.0
tesakiza,1,,10000.0,0.0,0.0,,0.0
tinyBuild,2,,825000.0,48.5,0.0,,0.8278000000000001
vemu games,1,,10000.0,0.0,0.0,,0.9437
xisgame,1,61.0,10000.0,0.0,610000.0,,1.0
yjwGame,1,,10000.0,0.0,0.0,,0.4118
つばさ,1,,10000.0,0.0,0.0,,0.0
とぶ,1,,10000.0,0.0,0.0,,0.0
よるのあとち,1,,10000.0,0.0,0.0,,0.0
哈视奇科技,1,249.0,150000.0,0.0,37350000.0,,0.733
小小游戏,1,,10000.0,0.0,0.0,,1.0
有点意思,1,,10000.0,0.0,0.0,,0.3333
李晟艺,1,,10000.0,0.0,0.0,,0.0
游力卡工作室（Yooreka Studio）,1,,10000.0,0.0,0.0,,0.0
真爱粉,1,154.0,10000.0,0.0,1540000.0,,0.6
西安魔幻宝贝网络科技有限公司,1,,10000.0,0.0,0.0,,0.0
跪求愿望,1,90.0,10000.0,0.0,900000.0,,0.8929
闪金游戏,1,154.0,10000.0,2.0,1540000.0,,0.878
